TEAM_ID,MISSION_TIME,PACKET_COUNT,PACKET_TYPE,MODE,TP_RELEASED,ALTITUDE,TEMPERATURE,VOLTAGE,GPS_TIME,GPS_LATITUDE,GPS_LONGITUDE,GPS_ALTITUDE,GPS_SATS,SOFTWARE_STATE,CMD_ECHO,
1095,23:00:19,1,C,S,N,26.9,24.7,8.97,23:00:19,28.611,77.03845,26.9,9,1,CXON,
1095,23:00:20,2,C,S,N,38.1,24.1,8.5,23:00:20,28.611,77.03845,38.1,9,1,SIMP101783.61,
1095,23:00:21,3,C,S,N,46.6,24,9,23:00:21,28.611,77.03845,46.6,9,1,SIMP101887.02,
1095,23:00:22,4,C,S,N,53.9,24.6,8.62,23:00:22,28.611,77.03845,53.9,9,1,SIMP101974.30,
1095,23:00:23,5,C,S,N,60.2,25.3,8.83,23:00:23,28.611,77.03845,60.2,9,1,SIMP102051.26,
1095,23:00:24,6,C,S,N,66.0,25.1,8.69,23:00:24,28.611,77.03845,66.0,9,1,SIMP102120.90,
1095,23:00:25,7,C,S,N,71.2,25.6,8.6,23:00:25,28.611,77.03845,71.2,9,1,SIMP102184.99,
1095,23:00:26,8,C,S,N,76.2,24.7,8.84,23:00:26,28.611,77.03845,76.2,9,1,SIMP102244.69,
1095,23:00:27,9,C,S,N,80.8,25.6,8.54,23:00:27,28.611,77.03845,80.8,9,1,SIMP102300.80,
1095,23:00:28,10,C,S,N,85.1,24.2,8.58,23:00:28,28.611,77.03845,85.1,9,1,SIMP102353.90,
1095,23:00:29,11,C,S,N,89.3,24.6,8.63,23:00:29,28.611,77.03845,89.3,9,1,SIMP102404.44,
1095,23:00:30,12,C,S,N,93.3,24.4,8.59,23:00:30,28.611,77.03845,93.3,9,1,SIMP102452.75,
1095,23:00:31,13,C,S,N,97.1,25.5,8.97,23:00:31,28.611,77.03845,97.1,9,1,SIMP102499.12,
1095,23:00:32,14,C,S,N,100.7,24.2,8.89,23:00:32,28.611,77.03845,100.7,9,1,SIMP102543.76,
1095,23:00:33,15,C,S,N,104.3,24.1,8.81,23:00:33,28.611,77.03845,104.3,9,1,SIMP102586.85,
1095,23:00:34,16,C,S,N,107.7,25.8,8.77,23:00:34,28.611,77.03845,107.7,9,1,SIMP102628.55,
1095,23:00:35,17,C,S,N,111.0,25.1,8.94,23:00:35,28.611,77.03845,111.0,9,1,SIMP102668.98,
1095,23:00:36,18,C,S,N,114.2,24,8.55,23:00:36,28.611,77.03845,114.2,9,1,SIMP102708.26,
1095,23:00:37,19,C,S,N,117.4,24.8,8.91,23:00:37,28.611,77.03845,117.4,9,1,SIMP102746.48,
1095,23:00:38,20,C,S,N,120.4,25.5,8.59,23:00:38,28.611,77.03845,120.4,9,1,SIMP102783.73,
1095,23:00:39,21,C,S,N,123.4,24.2,8.63,23:00:39,28.611,77.03845,123.4,9,1,SIMP102820.06,
1095,23:00:40,22,C,S,N,126.3,25.9,8.69,23:00:40,28.611,77.03845,126.3,9,1,SIMP102855.56,
1095,23:00:41,23,C,S,N,129.1,24.3,8.64,23:00:41,28.611,77.03845,129.1,9,1,SIMP102890.28,
1095,23:00:42,24,C,S,N,131.9,25.2,8.65,23:00:42,28.611,77.03845,131.9,9,1,SIMP102924.26,
1095,23:00:43,25,C,S,N,134.6,25,8.54,23:00:43,28.611,77.03845,134.6,9,1,SIMP102957.55,
1095,23:00:44,26,C,S,N,137.3,24.8,8.53,23:00:44,28.611,77.03845,137.3,9,1,SIMP102990.20,
1095,23:00:45,27,C,S,N,139.9,24.3,8.85,23:00:45,28.611,77.03845,139.9,9,1,SIMP103022.23,
1095,23:00:46,28,C,S,N,142.5,25.6,8.83,23:00:46,28.611,77.03845,142.5,9,1,SIMP103053.69,
1095,23:00:47,29,C,S,N,145.0,24.3,8.99,23:00:47,28.611,77.03845,145.0,9,1,SIMP103084.60,
1095,23:00:48,30,C,S,N,147.5,25.1,8.74,23:00:48,28.611,77.03845,147.5,9,1,SIMP103115.00,
1095,23:00:49,31,C,S,N,149.9,24.4,9,23:00:49,28.611,77.03845,149.9,9,1,SIMP103144.90,
1095,23:00:50,32,C,S,N,152.3,25.2,8.74,23:00:50,28.611,77.03845,152.3,9,1,SIMP103174.34,
1095,23:00:51,33,C,S,N,154.7,24.2,8.77,23:00:51,28.611,77.03845,154.7,9,1,SIMP103203.33,
1095,23:00:52,34,C,S,N,157.0,24.5,8.99,23:00:52,28.611,77.03845,157.0,9,1,SIMP103231.89,
1095,23:00:53,35,C,S,N,159.3,25.8,8.67,23:00:53,28.611,77.03845,159.3,9,1,SIMP103260.04,
1095,23:00:54,36,C,S,N,161.6,24.3,8.96,23:00:54,28.611,77.03845,161.6,9,1,SIMP103287.81,
1095,23:00:55,37,C,S,N,163.8,24.5,8.61,23:00:55,28.611,77.03845,163.8,9,1,SIMP103315.19,
1095,23:00:56,38,C,S,N,166.0,25.1,8.65,23:00:56,28.611,77.03845,166.0,9,1,SIMP103342.23,
1095,23:00:57,39,C,S,N,168.2,25,8.65,23:00:57,28.611,77.03845,168.2,9,1,SIMP103368.91,
1095,23:00:58,40,C,S,N,170.3,25.3,8.6,23:00:58,28.611,77.03845,170.3,9,1,SIMP103395.26,
1095,23:00:59,41,C,S,N,172.4,25.8,8.67,23:00:59,28.611,77.03845,172.4,9,1,SIMP103421.30,
1095,23:01:00,42,C,S,N,174.5,24,8.65,23:01:00,28.611,77.03845,174.5,9,1,SIMP103447.02,
1095,23:01:01,43,C,S,N,176.6,25.7,8.72,23:01:01,28.611,77.03845,176.6,9,1,SIMP103472.45,
1095,23:01:02,44,C,S,N,178.6,24.8,8.91,23:01:02,28.611,77.03845,178.6,9,1,SIMP103497.59,
1095,23:01:03,45,C,S,N,180.6,25.8,8.56,23:01:03,28.611,77.03845,180.6,9,1,SIMP103522.46,
1095,23:01:04,46,C,S,N,182.6,25.9,8.93,23:01:04,28.611,77.03845,182.6,9,1,SIMP103547.05,
1095,23:01:05,47,C,S,N,184.6,25.5,8.79,23:01:05,28.611,77.03845,184.6,9,1,SIMP103571.39,
1095,23:01:06,48,C,S,N,186.5,24.1,8.68,23:01:06,28.611,77.03845,186.5,9,1,SIMP103595.48,
1095,23:01:07,49,C,S,N,188.5,25.4,8.86,23:01:07,28.611,77.03845,188.5,9,1,SIMP103619.32,
1095,23:01:08,50,C,S,N,190.4,25.9,8.74,23:01:08,28.611,77.03845,190.4,9,1,SIMP103642.93,
1095,23:01:09,51,C,S,N,192.3,25.7,8.85,23:01:09,28.611,77.03845,192.3,9,1,SIMP103666.31,
1095,23:01:10,52,C,S,N,194.2,24.3,8.52,23:01:10,28.611,77.03845,194.2,9,1,SIMP103689.47,
1095,23:01:11,53,C,S,N,196.0,26,8.57,23:01:11,28.611,77.03845,196.0,9,1,SIMP103712.41,
1095,23:01:12,54,C,S,N,197.9,24.2,8.73,23:01:12,28.611,77.03845,197.9,9,1,SIMP103735.14,
1095,23:01:13,55,C,S,N,199.7,25.4,8.92,23:01:13,28.611,77.03845,199.7,9,1,SIMP103757.67,
1095,23:01:14,56,C,S,N,201.5,25.6,8.72,23:01:14,28.611,77.03845,201.5,9,1,SIMP103780.01,
1095,23:01:15,57,C,S,N,203.3,25.4,8.99,23:01:15,28.611,77.03845,203.3,9,1,SIMP103802.14,
1095,23:01:16,58,C,S,N,205.1,24.5,8.81,23:01:16,28.611,77.03845,205.1,9,1,SIMP103824.09,
1095,23:01:17,59,C,S,N,206.8,25.7,9,23:01:17,28.611,77.03845,206.8,9,1,SIMP103845.86,
1095,23:01:18,60,C,S,N,208.6,24.4,8.81,23:01:18,28.611,77.03845,208.6,9,1,SIMP103867.45,
1095,23:01:19,61,C,S,N,210.3,24.2,8.5,23:01:19,28.611,77.03845,210.3,9,1,SIMP103888.87,
1095,23:01:20,62,C,S,N,212.0,24.8,8.59,23:01:20,28.611,77.03845,212.0,9,1,SIMP103910.11,
1095,23:01:21,63,C,S,N,213.7,24.6,8.67,23:01:21,28.611,77.03845,213.7,9,1,SIMP103931.19,
1095,23:01:22,64,C,S,N,215.4,24.4,8.74,23:01:22,28.611,77.03845,215.4,9,1,SIMP103952.11,
1095,23:01:23,65,C,S,N,217.1,26,8.88,23:01:23,28.611,77.03845,217.1,9,1,SIMP103972.87,
1095,23:01:24,66,C,S,N,218.7,25.2,8.59,23:01:24,28.611,77.03845,218.7,9,1,SIMP103993.48,
1095,23:01:25,67,C,S,N,220.4,24.8,8.94,23:01:25,28.611,77.03845,220.4,9,1,SIMP104013.93,
1095,23:01:26,68,C,S,N,222.0,25.5,8.91,23:01:26,28.611,77.03845,222.0,9,1,SIMP104034.24,
1095,23:01:27,69,C,S,N,223.7,25.2,8.53,23:01:27,28.611,77.03845,223.7,9,1,SIMP104054.40,
1095,23:01:28,70,C,S,N,225.3,25.9,8.67,23:01:28,28.611,77.03845,225.3,9,1,SIMP104074.43,
1095,23:01:29,71,C,S,N,226.9,24.3,8.72,23:01:29,28.611,77.03845,226.9,9,1,SIMP104094.31,
1095,23:01:30,72,C,S,N,228.5,25.4,8.58,23:01:30,28.611,77.03845,228.5,9,1,SIMP104114.06,
1095,23:01:31,73,C,S,N,230.1,25.6,8.66,23:01:31,28.611,77.03845,230.1,9,1,SIMP104133.68,
1095,23:01:32,74,C,S,N,231.6,25.1,8.97,23:01:32,28.611,77.03845,231.6,9,1,SIMP104153.17,
1095,23:01:33,75,C,S,N,233.2,25.8,8.68,23:01:33,28.611,77.03845,233.2,9,1,SIMP104172.53,
1095,23:01:34,76,C,S,N,234.7,25.9,8.51,23:01:34,28.611,77.03845,234.7,9,1,SIMP104191.77,
1095,23:01:35,77,C,S,N,236.3,24.4,8.68,23:01:35,28.611,77.03845,236.3,9,1,SIMP104210.88,
1095,23:01:36,78,C,S,N,237.8,25,8.88,23:01:36,28.611,77.03845,237.8,9,1,SIMP104229.88,
1095,23:01:37,79,C,S,N,239.3,25,8.91,23:01:37,28.611,77.03845,239.3,9,1,SIMP104248.75,
1095,23:01:38,80,C,S,N,240.8,25.1,8.7,23:01:38,28.611,77.03845,240.8,9,1,SIMP104267.52,
1095,23:01:39,81,C,S,N,242.3,24,8.99,23:01:39,28.611,77.03845,242.3,9,1,SIMP104286.17,
1095,23:01:40,82,C,S,N,243.8,24.7,8.66,23:01:40,28.611,77.03845,243.8,9,1,SIMP104304.71,
1095,23:01:41,83,C,S,N,245.3,24.3,8.61,23:01:41,28.611,77.03845,245.3,9,1,SIMP104323.14,
1095,23:01:42,84,C,S,N,246.8,24.9,8.6,23:01:42,28.611,77.03845,246.8,9,1,SIMP104341.46,
1095,23:01:43,85,C,S,N,248.2,24.9,8.82,23:01:43,28.611,77.03845,248.2,9,1,SIMP104359.68,
1095,23:01:44,86,C,S,N,249.7,24.1,8.57,23:01:44,28.611,77.03845,249.7,9,1,SIMP104377.79,
1095,23:01:45,87,C,S,N,251.1,24.8,8.59,23:01:45,28.611,77.03845,251.1,9,1,SIMP104395.81,
1095,23:01:46,88,C,S,N,252.6,25.5,8.81,23:01:46,28.611,77.03845,252.6,9,1,SIMP104413.72,
1095,23:01:47,89,C,S,N,254.0,25.7,8.82,23:01:47,28.611,77.03845,254.0,9,1,SIMP104431.54,
1095,23:01:48,90,C,S,N,255.4,24.4,8.66,23:01:48,28.611,77.03845,255.4,9,1,SIMP104449.26,
1095,23:01:49,91,C,S,N,256.9,25.9,8.96,23:01:49,28.611,77.03845,256.9,9,1,SIMP104466.89,
1095,23:01:50,92,C,S,N,258.3,24.7,8.99,23:01:50,28.611,77.03845,258.3,9,1,SIMP104484.42,
1095,23:01:51,93,C,S,N,259.7,25.4,8.58,23:01:51,28.611,77.03845,259.7,9,1,SIMP104501.86,
1095,23:01:52,94,C,S,N,261.1,24.6,8.51,23:01:52,28.611,77.03845,261.1,9,1,SIMP104519.21,
1095,23:01:53,95,C,S,N,262.4,25.7,8.94,23:01:53,28.611,77.03845,262.4,9,1,SIMP104536.47,
1095,23:01:54,96,C,S,N,263.8,25.8,8.72,23:01:54,28.611,77.03845,263.8,9,1,SIMP104553.65,
1095,23:01:55,97,C,S,N,265.2,25.6,8.62,23:01:55,28.611,77.03845,265.2,9,1,SIMP104570.74,
1095,23:01:56,98,C,S,N,266.6,24.7,8.79,23:01:56,28.611,77.03845,266.6,9,1,SIMP104587.74,
1095,23:01:57,99,C,S,N,267.9,24.2,8.74,23:01:57,28.611,77.03845,267.9,9,1,SIMP104604.66,
1095,23:01:58,100,C,S,N,269.3,25.8,8.94,23:01:58,28.611,77.03845,269.3,9,1,SIMP104621.50,
1095,23:01:59,101,C,S,N,270.6,24,8.8,23:01:59,28.611,77.03845,270.6,9,1,SIMP104638.26,
1095,23:02:00,102,C,S,N,271.9,24.1,8.65,23:02:00,28.611,77.03845,271.9,9,1,SIMP104654.94,
1095,23:02:01,103,C,S,N,273.3,24.2,8.74,23:02:01,28.611,77.03845,273.3,9,1,SIMP104671.54,
1095,23:02:02,104,C,S,N,274.6,24,8.98,23:02:02,28.611,77.03845,274.6,9,1,SIMP104688.07,
1095,23:02:03,105,C,S,N,275.9,24,8.61,23:02:03,28.611,77.03845,275.9,9,1,SIMP104704.51,
1095,23:02:04,106,C,S,N,277.2,24.7,8.93,23:02:04,28.611,77.03845,277.2,9,1,SIMP104720.89,
1095,23:02:05,107,C,S,N,278.5,24.7,9,23:02:05,28.611,77.03845,278.5,9,1,SIMP104737.18,
1095,23:02:06,108,C,S,N,279.8,25.8,8.63,23:02:06,28.611,77.03845,279.8,9,1,SIMP104753.41,
1095,23:02:07,109,C,S,N,281.1,24.5,8.63,23:02:07,28.611,77.03845,281.1,9,1,SIMP104769.56,
1095,23:02:08,110,C,S,N,282.4,24.7,8.96,23:02:08,28.611,77.03845,282.4,9,1,SIMP104785.64,
1095,23:02:09,111,C,S,N,283.7,24.6,8.64,23:02:09,28.611,77.03845,283.7,9,1,SIMP104801.66,
1095,23:02:10,112,C,S,N,285.0,24.1,8.66,23:02:10,28.611,77.03845,285.0,9,1,SIMP104817.60,
1095,23:02:11,113,C,S,N,286.2,25.2,8.78,23:02:11,28.611,77.03845,286.2,9,1,SIMP104833.47,
1095,23:02:12,114,C,S,N,287.5,25.8,8.64,23:02:12,28.611,77.03845,287.5,9,1,SIMP104849.28,
1095,23:02:13,115,C,S,N,288.7,26,8.81,23:02:13,28.611,77.03845,288.7,9,1,SIMP104865.02,
1095,23:02:14,116,C,S,N,290.0,25.9,8.64,23:02:14,28.611,77.03845,290.0,9,1,SIMP104880.70,
1095,23:02:15,117,C,S,N,291.2,24.6,9,23:02:15,28.611,77.03845,291.2,9,1,SIMP104896.31,
1095,23:02:16,118,C,S,N,292.5,25.7,8.5,23:02:16,28.611,77.03845,292.5,9,1,SIMP104911.86,
1095,23:02:17,119,C,S,N,293.7,24.1,8.89,23:02:17,28.611,77.03845,293.7,9,1,SIMP104927.34,
1095,23:02:18,120,C,S,N,295.0,25.4,8.57,23:02:18,28.611,77.03845,295.0,9,1,SIMP104942.76,
1095,23:02:19,121,C,S,N,296.2,24.6,8.83,23:02:19,28.611,77.03845,296.2,9,1,SIMP104958.13,
1095,23:02:20,122,C,S,N,297.4,25.4,8.8,23:02:20,28.611,77.03845,297.4,9,1,SIMP104973.43,
1095,23:02:21,123,C,S,N,298.6,25.7,8.53,23:02:21,28.611,77.03845,298.6,9,1,SIMP104988.67,
1095,23:02:22,124,C,S,N,299.8,24.3,8.51,23:02:22,28.611,77.03845,299.8,9,1,SIMP105003.85,
1095,23:02:23,125,C,S,N,301.0,25.7,8.52,23:02:23,28.611,77.03845,301.0,9,1,SIMP105018.97,
1095,23:02:24,126,C,S,N,302.2,25,8.63,23:02:24,28.611,77.03845,302.2,9,1,SIMP105034.03,
1095,23:02:25,127,C,S,N,303.4,24,8.75,23:02:25,28.611,77.03845,303.4,9,1,SIMP105049.04,
1095,23:02:26,128,C,S,N,304.6,25.4,8.99,23:02:26,28.611,77.03845,304.6,9,1,SIMP105063.99,
1095,23:02:27,129,C,S,N,305.8,24,8.55,23:02:27,28.611,77.03845,305.8,9,1,SIMP105078.89,
1095,23:02:28,130,C,S,N,307.0,24.8,8.86,23:02:28,28.611,77.03845,307.0,9,1,SIMP105093.73,
1095,23:02:29,131,C,S,N,308.2,26,8.75,23:02:29,28.611,77.03845,308.2,9,1,SIMP105108.51,
1095,23:02:30,132,C,S,N,309.4,24.2,8.99,23:02:30,28.611,77.03845,309.4,9,1,SIMP105123.24,
1095,23:02:31,133,C,S,N,310.5,24.2,8.68,23:02:31,28.611,77.03845,310.5,9,1,SIMP105137.92,
1095,23:02:32,134,C,S,N,311.7,25.2,8.56,23:02:32,28.611,77.03845,311.7,9,1,SIMP105152.55,
1095,23:02:33,135,C,S,N,312.8,25.1,8.66,23:02:33,28.611,77.03845,312.8,9,1,SIMP105167.12,
1095,23:02:34,136,C,S,N,314.0,25.5,8.58,23:02:34,28.611,77.03845,314.0,9,1,SIMP105181.65,
1095,23:02:35,137,C,S,N,315.2,24,8.75,23:02:35,28.611,77.03845,315.2,9,1,SIMP105196.12,
1095,23:02:36,138,C,S,N,316.3,25.3,8.5,23:02:36,28.611,77.03845,316.3,9,1,SIMP105210.54,
1095,23:02:37,139,C,S,N,317.5,24.5,8.86,23:02:37,28.611,77.03845,317.5,9,1,SIMP105224.91,
1095,23:02:38,140,C,S,N,318.6,25,8.71,23:02:38,28.611,77.03845,318.6,9,1,SIMP105239.23,
1095,23:02:39,141,C,S,N,319.7,26,8.85,23:02:39,28.611,77.03845,319.7,9,1,SIMP105253.50,
1095,23:02:40,142,C,S,N,320.9,25.3,8.95,23:02:40,28.611,77.03845,320.9,9,1,SIMP105267.73,
1095,23:02:41,143,C,S,N,322.0,25.7,8.74,23:02:41,28.611,77.03845,322.0,9,1,SIMP105281.91,
1095,23:02:42,144,C,S,N,323.1,25.7,8.89,23:02:42,28.611,77.03845,323.1,9,1,SIMP105296.04,
1095,23:02:43,145,C,S,N,324.2,26,8.58,23:02:43,28.611,77.03845,324.2,9,1,SIMP105310.12,
1095,23:02:44,146,C,S,N,325.3,25.8,8.89,23:02:44,28.611,77.03845,325.3,9,1,SIMP105324.16,
1095,23:02:45,147,C,S,N,326.5,25.4,8.89,23:02:45,28.611,77.03845,326.5,9,1,SIMP105338.15,
1095,23:02:46,148,C,S,N,327.6,25.2,8.77,23:02:46,28.611,77.03845,327.6,9,1,SIMP105352.09,
1095,23:02:47,149,C,S,N,328.7,25.1,8.84,23:02:47,28.611,77.03845,328.7,9,1,SIMP105365.99,
1095,23:02:48,150,C,S,N,329.8,24.9,8.99,23:02:48,28.611,77.03845,329.8,9,1,SIMP105379.85,
1095,23:02:49,151,C,S,N,330.9,24,8.94,23:02:49,28.611,77.03845,330.9,9,1,SIMP105393.66,
1095,23:02:50,152,C,S,N,332.0,24,8.92,23:02:50,28.611,77.03845,332.0,9,1,SIMP105407.43,
1095,23:02:51,153,C,S,N,333.1,24.1,8.66,23:02:51,28.611,77.03845,333.1,9,1,SIMP105421.16,
1095,23:02:52,154,C,S,N,334.1,24,8.76,23:02:52,28.611,77.03845,334.1,9,1,SIMP105434.84,
1095,23:02:53,155,C,S,N,335.2,25.3,8.91,23:02:53,28.611,77.03845,335.2,9,1,SIMP105448.48,
1095,23:02:54,156,C,S,N,336.3,25.2,8.86,23:02:54,28.611,77.03845,336.3,9,1,SIMP105462.08,
1095,23:02:55,157,C,S,N,337.4,24.6,8.73,23:02:55,28.611,77.03845,337.4,9,1,SIMP105475.64,
1095,23:02:56,158,C,S,N,338.5,25.2,8.58,23:02:56,28.611,77.03845,338.5,9,1,SIMP105489.16,
1095,23:02:57,159,C,S,N,339.5,25.1,8.94,23:02:57,28.611,77.03845,339.5,9,1,SIMP105502.64,
1095,23:02:58,160,C,S,N,340.6,25.9,8.92,23:02:58,28.611,77.03845,340.6,9,1,SIMP105516.07,
1095,23:02:59,161,C,S,N,341.7,24.3,8.88,23:02:59,28.611,77.03845,341.7,9,1,SIMP105529.47,
1095,23:03:00,162,C,S,N,342.7,24,8.75,23:03:00,28.611,77.03845,342.7,9,1,SIMP105542.82,
1095,23:03:01,163,C,S,N,343.8,25.9,8.67,23:03:01,28.611,77.03845,343.8,9,1,SIMP105556.14,
1095,23:03:02,164,C,S,N,344.8,24.6,8.77,23:03:02,28.611,77.03845,344.8,9,1,SIMP105569.42,
1095,23:03:03,165,C,S,N,345.9,24.9,8.71,23:03:03,28.611,77.03845,345.9,9,1,SIMP105582.66,
1095,23:03:04,166,C,S,N,346.9,24.5,8.84,23:03:04,28.611,77.03845,346.9,9,1,SIMP105595.86,
1095,23:03:05,167,C,S,N,348.0,25.3,8.64,23:03:05,28.611,77.03845,348.0,9,1,SIMP105609.03,
1095,23:03:06,168,C,S,N,349.0,24.8,8.79,23:03:06,28.611,77.03845,349.0,9,1,SIMP105622.15,
1095,23:03:07,169,C,S,N,350.0,25,8.98,23:03:07,28.611,77.03845,350.0,9,1,SIMP105635.24,
1095,23:03:08,170,C,S,N,351.1,25.5,8.51,23:03:08,28.611,77.03845,351.1,9,1,SIMP105648.30,
1095,23:03:09,171,C,S,N,352.1,24.3,8.67,23:03:09,28.611,77.03845,352.1,9,1,SIMP105661.31,
1095,23:03:10,172,C,S,N,353.1,25.1,8.72,23:03:10,28.611,77.03845,353.1,9,1,SIMP105674.29,
1095,23:03:11,173,C,S,N,354.2,25.8,8.56,23:03:11,28.611,77.03845,354.2,9,1,SIMP105687.24,
1095,23:03:12,174,C,S,N,355.2,24,8.81,23:03:12,28.611,77.03845,355.2,9,1,SIMP105700.15,
1095,23:03:13,175,C,S,N,356.2,26,8.58,23:03:13,28.611,77.03845,356.2,9,1,SIMP105713.02,
1095,23:03:14,176,C,S,N,357.2,24.4,8.79,23:03:14,28.611,77.03845,357.2,9,1,SIMP105725.86,
1095,23:03:15,177,C,S,N,358.2,24.4,8.94,23:03:15,28.611,77.03845,358.2,9,1,SIMP105738.67,
1095,23:03:16,178,C,S,N,359.2,24,8.87,23:03:16,28.611,77.03845,359.2,9,1,SIMP105751.44,
1095,23:03:17,179,C,S,N,360.2,24.7,8.86,23:03:17,28.611,77.03845,360.2,9,1,SIMP105764.17,
1095,23:03:18,180,C,S,N,361.2,24.6,8.85,23:03:18,28.611,77.03845,361.2,9,1,SIMP105776.87,
1095,23:03:19,181,C,S,N,362.2,25.3,8.58,23:03:19,28.611,77.03845,362.2,9,1,SIMP105789.54,
1095,23:03:20,182,C,S,N,363.2,25.1,8.87,23:03:20,28.611,77.03845,363.2,9,1,SIMP105802.18,
1095,23:03:21,183,C,S,N,364.2,25.4,8.87,23:03:21,28.611,77.03845,364.2,9,1,SIMP105814.78,
1095,23:03:22,184,C,S,N,365.2,24.5,8.98,23:03:22,28.611,77.03845,365.2,9,1,SIMP105827.35,
1095,23:03:23,185,C,S,N,366.2,24,8.88,23:03:23,28.611,77.03845,366.2,9,1,SIMP105839.89,
1095,23:03:24,186,C,S,N,367.2,24.8,8.88,23:03:24,28.611,77.03845,367.2,9,1,SIMP105852.40,
1095,23:03:25,187,C,S,N,368.2,24.9,8.72,23:03:25,28.611,77.03845,368.2,9,1,SIMP105864.87,
1095,23:03:26,188,C,S,N,369.2,24,8.56,23:03:26,28.611,77.03845,369.2,9,1,SIMP105877.32,
1095,23:03:27,189,C,S,N,370.2,26,8.8,23:03:27,28.611,77.03845,370.2,9,1,SIMP105889.73,
1095,23:03:28,190,C,S,N,371.1,24.9,8.95,23:03:28,28.611,77.03845,371.1,9,1,SIMP105902.11,
1095,23:03:29,191,C,S,N,372.1,24.9,8.91,23:03:29,28.611,77.03845,372.1,9,1,SIMP105914.46,
1095,23:03:30,192,C,S,N,373.1,25.6,8.73,23:03:30,28.611,77.03845,373.1,9,1,SIMP105926.78,
1095,23:03:31,193,C,S,N,374.1,25.2,8.55,23:03:31,28.611,77.03845,374.1,9,1,SIMP105939.07,
1095,23:03:32,194,C,S,N,375.0,24.5,8.57,23:03:32,28.611,77.03845,375.0,9,1,SIMP105951.32,
1095,23:03:33,195,C,S,N,376.0,24.5,8.66,23:03:33,28.611,77.03845,376.0,9,1,SIMP105963.55,
1095,23:03:34,196,C,S,N,377.0,24.3,8.59,23:03:34,28.611,77.03845,377.0,9,1,SIMP105975.75,
1095,23:03:35,197,C,S,N,377.9,25.1,8.79,23:03:35,28.611,77.03845,377.9,9,1,SIMP105987.92,
1095,23:03:36,198,C,S,N,378.9,24.1,8.88,23:03:36,28.611,77.03845,378.9,9,1,SIMP106000.06,
1095,23:03:37,199,C,S,N,379.8,25.4,8.54,23:03:37,28.611,77.03845,379.8,9,1,SIMP106012.17,
1095,23:03:38,200,C,S,N,380.8,25.6,8.61,23:03:38,28.611,77.03845,380.8,9,1,SIMP106024.26,
1095,23:03:39,201,C,S,N,381.7,25.8,8.92,23:03:39,28.611,77.03845,381.7,9,1,SIMP106036.31,
1095,23:03:40,202,C,S,N,382.7,25.2,8.8,23:03:40,28.611,77.03845,382.7,9,1,SIMP106048.34,
1095,23:03:41,203,C,S,N,383.6,24,8.72,23:03:41,28.611,77.03845,383.6,9,1,SIMP106060.33,
1095,23:03:42,204,C,S,N,384.6,24.9,8.63,23:03:42,28.611,77.03845,384.6,9,1,SIMP106072.30,
1095,23:03:43,205,C,S,N,385.5,24.5,8.82,23:03:43,28.611,77.03845,385.5,9,1,SIMP106084.25,
1095,23:03:44,206,C,S,N,386.5,25.7,8.83,23:03:44,28.611,77.03845,386.5,9,1,SIMP106096.16,
1095,23:03:45,207,C,S,N,387.4,25.9,8.51,23:03:45,28.611,77.03845,387.4,9,1,SIMP106108.05,
1095,23:03:46,208,C,S,N,388.3,24,8.57,23:03:46,28.611,77.03845,388.3,9,1,SIMP106119.91,
1095,23:03:47,209,C,S,N,389.3,24.6,8.81,23:03:47,28.611,77.03845,389.3,9,1,SIMP106131.74,
1095,23:03:48,210,C,S,N,390.2,24.4,8.77,23:03:48,28.611,77.03845,390.2,9,1,SIMP106143.55,
1095,23:03:49,211,C,S,N,391.1,25.5,8.99,23:03:49,28.611,77.03845,391.1,9,1,SIMP106155.33,
1095,23:03:50,212,C,S,N,392.0,24.5,8.64,23:03:50,28.611,77.03845,392.0,9,1,SIMP106167.08,
1095,23:03:51,213,C,S,N,393.0,24.8,8.77,23:03:51,28.611,77.03845,393.0,9,1,SIMP106178.81,
1095,23:03:52,214,C,S,N,393.9,24.9,8.64,23:03:52,28.611,77.03845,393.9,9,1,SIMP106190.51,
1095,23:03:53,215,C,S,N,394.8,24.3,8.67,23:03:53,28.611,77.03845,394.8,9,1,SIMP106202.19,
1095,23:03:54,216,C,S,N,395.7,24.1,8.73,23:03:54,28.611,77.03845,395.7,9,1,SIMP106213.84,
1095,23:03:55,217,C,S,N,396.6,25.4,8.51,23:03:55,28.611,77.03845,396.6,9,1,SIMP106225.46,
1095,23:03:56,218,C,S,N,397.6,24,8.67,23:03:56,28.611,77.03845,397.6,9,1,SIMP106237.06,
1095,23:03:57,219,C,S,N,398.5,25.9,9,23:03:57,28.611,77.03845,398.5,9,1,SIMP106248.64,
1095,23:03:58,220,C,S,N,399.4,25.7,8.68,23:03:58,28.611,77.03845,399.4,9,1,SIMP106260.19,
1095,23:03:59,221,C,S,N,400.3,25.1,8.77,23:03:59,28.611,77.03845,400.3,9,1,SIMP106271.71,
1095,23:04:00,222,C,S,N,401.2,25.3,8.95,23:04:00,28.611,77.03845,401.2,9,1,SIMP106283.21,
1095,23:04:01,223,C,S,N,402.1,25.1,8.7,23:04:01,28.611,77.03845,402.1,9,1,SIMP106294.69,
1095,23:04:02,224,C,S,N,403.0,25.4,8.83,23:04:02,28.611,77.03845,403.0,9,1,SIMP106306.14,
1095,23:04:03,225,C,S,N,403.9,24.7,8.71,23:04:03,28.611,77.03845,403.9,9,1,SIMP106317.57,
1095,23:04:04,226,C,S,N,404.8,24.8,8.66,23:04:04,28.611,77.03845,404.8,9,1,SIMP106328.97,
1095,23:04:05,227,C,S,N,405.7,24.5,8.75,23:04:05,28.611,77.03845,405.7,9,1,SIMP106340.35,
1095,23:04:06,228,C,S,N,406.6,24.7,8.95,23:04:06,28.611,77.03845,406.6,9,1,SIMP106351.71,
1095,23:04:07,229,C,S,N,407.5,24.5,8.86,23:04:07,28.611,77.03845,407.5,9,1,SIMP106363.04,
1095,23:04:08,230,C,S,N,408.4,26,8.93,23:04:08,28.611,77.03845,408.4,9,1,SIMP106374.35,
1095,23:04:09,231,C,S,N,409.2,26,8.55,23:04:09,28.611,77.03845,409.2,9,1,SIMP106385.64,
1095,23:04:10,232,C,S,N,410.1,25.1,8.96,23:04:10,28.611,77.03845,410.1,9,1,SIMP106396.90,
1095,23:04:11,233,C,S,N,411.0,25.9,8.66,23:04:11,28.611,77.03845,411.0,9,1,SIMP106408.14,
1095,23:04:12,234,C,S,N,411.9,24.9,8.89,23:04:12,28.611,77.03845,411.9,9,1,SIMP106419.36,
1095,23:04:13,235,C,S,N,412.8,25.1,8.66,23:04:13,28.611,77.03845,412.8,9,1,SIMP106430.55,
1095,23:04:14,236,C,S,N,413.6,25.1,8.66,23:04:14,28.611,77.03845,413.6,9,1,SIMP106441.73,
1095,23:04:15,237,C,S,N,414.5,25.6,8.86,23:04:15,28.611,77.03845,414.5,9,1,SIMP106452.88,
1095,23:04:16,238,C,S,N,415.4,25.3,8.88,23:04:16,28.611,77.03845,415.4,9,1,SIMP106464.01,
1095,23:04:17,239,C,S,N,416.3,25.7,8.86,23:04:17,28.611,77.03845,416.3,9,1,SIMP106475.11,
1095,23:04:18,240,C,S,N,417.1,24.9,8.61,23:04:18,28.611,77.03845,417.1,9,1,SIMP106486.20,
1095,23:04:19,241,C,S,N,418.0,24.3,8.8,23:04:19,28.611,77.03845,418.0,9,1,SIMP106497.26,
1095,23:04:20,242,C,S,N,418.9,25,8.65,23:04:20,28.611,77.03845,418.9,9,1,SIMP106508.30,
1095,23:04:21,243,C,S,N,419.7,24.9,8.91,23:04:21,28.611,77.03845,419.7,9,1,SIMP106519.32,
1095,23:04:22,244,C,S,N,420.6,25.9,8.98,23:04:22,28.611,77.03845,420.6,9,1,SIMP106530.32,
1095,23:04:23,245,C,S,N,421.5,24.9,8.58,23:04:23,28.611,77.03845,421.5,9,1,SIMP106541.30,
1095,23:04:24,246,C,S,N,422.3,25.4,8.52,23:04:24,28.611,77.03845,422.3,9,1,SIMP106552.26,
1095,23:04:25,247,C,S,N,423.2,24.4,8.82,23:04:25,28.611,77.03845,423.2,9,1,SIMP106563.19,
1095,23:04:26,248,C,S,N,424.0,25.4,8.53,23:04:26,28.611,77.03845,424.0,9,1,SIMP106574.11,
1095,23:04:27,249,C,S,N,424.9,24.4,8.78,23:04:27,28.611,77.03845,424.9,9,1,SIMP106585.00,
1095,23:04:28,250,C,S,N,425.7,24.3,8.91,23:04:28,28.611,77.03845,425.7,9,1,SIMP106595.88,
1095,23:04:29,251,C,S,N,426.6,25.8,8.79,23:04:29,28.611,77.03845,426.6,9,1,SIMP106606.73,
1095,23:04:30,252,C,S,N,427.4,26,8.62,23:04:30,28.611,77.03845,427.4,9,1,SIMP106617.56,
1095,23:04:31,253,C,S,N,428.3,25,8.89,23:04:31,28.611,77.03845,428.3,9,1,SIMP106628.38,
1095,23:04:32,254,C,S,N,429.1,24,8.77,23:04:32,28.611,77.03845,429.1,9,1,SIMP106639.17,
1095,23:04:33,255,C,S,N,430.0,24.7,8.54,23:04:33,28.611,77.03845,430.0,9,1,SIMP106649.94,
1095,23:04:34,256,C,S,N,430.8,24.4,8.64,23:04:34,28.611,77.03845,430.8,9,1,SIMP106660.70,
1095,23:04:35,257,C,S,N,431.7,25.6,8.82,23:04:35,28.611,77.03845,431.7,9,1,SIMP106671.43,
1095,23:04:36,258,C,S,N,432.5,25.7,8.73,23:04:36,28.611,77.03845,432.5,9,1,SIMP106682.14,
1095,23:04:37,259,C,S,N,433.3,24.8,8.66,23:04:37,28.611,77.03845,433.3,9,1,SIMP106692.84,
1095,23:04:38,260,C,S,N,434.2,25.7,8.75,23:04:38,28.611,77.03845,434.2,9,1,SIMP106703.51,
1095,23:04:39,261,C,S,N,435.0,25.9,8.85,23:04:39,28.611,77.03845,435.0,9,1,SIMP106714.17,
1095,23:04:40,262,C,S,N,435.8,25.2,8.61,23:04:40,28.611,77.03845,435.8,9,1,SIMP106724.81,
1095,23:04:41,263,C,S,N,436.7,25.2,8.53,23:04:41,28.611,77.03845,436.7,9,1,SIMP106735.42,
1095,23:04:42,264,C,S,N,437.5,24.9,8.74,23:04:42,28.611,77.03845,437.5,9,1,SIMP106746.02,
1095,23:04:43,265,C,S,N,438.3,24.1,8.66,23:04:43,28.611,77.03845,438.3,9,1,SIMP106756.60,
1095,23:04:44,266,C,S,N,439.1,24.7,8.86,23:04:44,28.611,77.03845,439.1,9,1,SIMP106767.16,
1095,23:04:45,267,C,S,N,440.0,25.8,8.68,23:04:45,28.611,77.03845,440.0,9,1,SIMP106777.71,
1095,23:04:46,268,C,S,N,440.8,24.4,8.91,23:04:46,28.611,77.03845,440.8,9,1,SIMP106788.23,
1095,23:04:47,269,C,S,N,441.6,24,8.78,23:04:47,28.611,77.03845,441.6,9,1,SIMP106798.74,
1095,23:04:48,270,C,S,N,442.4,25.6,8.82,23:04:48,28.611,77.03845,442.4,9,1,SIMP106809.22,
1095,23:04:49,271,C,S,N,443.3,25.7,8.97,23:04:49,28.611,77.03845,443.3,9,1,SIMP106819.69,
1095,23:04:50,272,C,S,N,444.1,24,8.67,23:04:50,28.611,77.03845,444.1,9,1,SIMP106830.14,
1095,23:04:51,273,C,S,N,444.9,24.3,8.5,23:04:51,28.611,77.03845,444.9,9,1,SIMP106840.58,
1095,23:04:52,274,C,S,N,445.7,25.7,8.89,23:04:52,28.611,77.03845,445.7,9,1,SIMP106850.99,
1095,23:04:53,275,C,S,N,446.5,25.3,8.76,23:04:53,28.611,77.03845,446.5,9,1,SIMP106861.39,
1095,23:04:54,276,C,S,N,447.3,25.8,8.73,23:04:54,28.611,77.03845,447.3,9,1,SIMP106871.77,
1095,23:04:55,277,C,S,N,448.1,25.8,8.61,23:04:55,28.611,77.03845,448.1,9,1,SIMP106882.13,
1095,23:04:56,278,C,S,N,448.9,24.7,8.73,23:04:56,28.611,77.03845,448.9,9,1,SIMP106892.48,
1095,23:04:57,279,C,S,N,449.7,26,8.53,23:04:57,28.611,77.03845,449.7,9,1,SIMP106902.81,
1095,23:04:58,280,C,S,N,450.6,25.3,8.95,23:04:58,28.611,77.03845,450.6,9,1,SIMP106913.12,
1095,23:04:59,281,C,S,N,451.4,24.3,8.93,23:04:59,28.611,77.03845,451.4,9,1,SIMP106923.41,
1095,23:05:00,282,C,S,N,452.2,24.7,8.94,23:05:00,28.611,77.03845,452.2,9,1,SIMP106933.68,
1095,23:05:01,283,C,S,N,453.0,24.6,8.78,23:05:01,28.611,77.03845,453.0,9,1,SIMP106943.94,
1095,23:05:02,284,C,S,N,453.8,24.5,8.82,23:05:02,28.611,77.03845,453.8,9,1,SIMP106954.18,
1095,23:05:03,285,C,S,N,454.6,24.3,8.88,23:05:03,28.611,77.03845,454.6,9,1,SIMP106964.41,
1095,23:05:04,286,C,S,N,455.4,24.9,8.74,23:05:04,28.611,77.03845,455.4,9,1,SIMP106974.62,
1095,23:05:05,287,C,S,N,456.2,24.2,8.85,23:05:05,28.611,77.03845,456.2,9,1,SIMP106984.81,
1095,23:05:06,288,C,S,N,456.9,24.9,8.76,23:05:06,28.611,77.03845,456.9,9,1,SIMP106994.98,
1095,23:05:07,289,C,S,N,457.7,24.3,8.51,23:05:07,28.611,77.03845,457.7,9,1,SIMP107005.14,
1095,23:05:08,290,C,S,N,458.5,24.1,8.89,23:05:08,28.611,77.03845,458.5,9,1,SIMP107015.29,
1095,23:05:09,291,C,S,N,459.3,24.1,8.5,23:05:09,28.611,77.03845,459.3,9,1,SIMP107025.41,
1095,23:05:10,292,C,S,N,460.1,24,8.84,23:05:10,28.611,77.03845,460.1,9,1,SIMP107035.52,
1095,23:05:11,293,C,S,N,460.9,25.6,8.8,23:05:11,28.611,77.03845,460.9,9,1,SIMP107045.61,
1095,23:05:12,294,C,S,N,461.7,25.2,8.89,23:05:12,28.611,77.03845,461.7,9,1,SIMP107055.69,
1095,23:05:13,295,C,S,N,462.5,26,8.64,23:05:13,28.611,77.03845,462.5,9,1,SIMP107065.75,
1095,23:05:14,296,C,S,N,463.2,25.1,8.86,23:05:14,28.611,77.03845,463.2,9,1,SIMP107075.80,
1095,23:05:15,297,C,S,N,464.0,25.2,8.71,23:05:15,28.611,77.03845,464.0,9,1,SIMP107085.83,
1095,23:05:16,298,C,S,N,464.8,24.6,8.66,23:05:16,28.611,77.03845,464.8,9,1,SIMP107095.84,
1095,23:05:17,299,C,S,N,465.6,24.8,8.69,23:05:17,28.611,77.03845,465.6,9,1,SIMP107105.84,
1095,23:05:18,300,C,S,N,466.4,24.1,8.59,23:05:18,28.611,77.03845,466.4,9,1,SIMP107115.82,
1095,23:05:19,301,C,S,N,467.1,24.1,8.86,23:05:19,28.611,77.03845,467.1,9,1,SIMP107125.79,
1095,23:05:20,302,C,S,N,467.9,24.3,8.91,23:05:20,28.611,77.03845,467.9,9,1,SIMP107135.74,
1095,23:05:21,303,C,S,N,468.7,25.7,8.84,23:05:21,28.611,77.03845,468.7,9,1,SIMP107145.68,
1095,23:05:22,304,C,S,N,469.5,24.4,8.81,23:05:22,28.611,77.03845,469.5,9,1,SIMP107155.60,
1095,23:05:23,305,C,S,N,470.2,25.8,9,23:05:23,28.611,77.03845,470.2,9,1,SIMP107165.50,
1095,23:05:24,306,C,S,N,471.0,24.4,8.5,23:05:24,28.611,77.03845,471.0,9,1,SIMP107175.39,
1095,23:05:25,307,C,S,N,471.8,24.5,8.93,23:05:25,28.611,77.03845,471.8,9,1,SIMP107185.27,
1095,23:05:26,308,C,S,N,472.5,24.7,8.5,23:05:26,28.611,77.03845,472.5,9,1,SIMP107195.13,
1095,23:05:27,309,C,S,N,473.3,25.7,8.72,23:05:27,28.611,77.03845,473.3,9,1,SIMP107204.97,
1095,23:05:28,310,C,S,N,474.1,24.3,8.66,23:05:28,28.611,77.03845,474.1,9,1,SIMP107214.81,
1095,23:05:29,311,C,S,N,474.8,25.8,8.95,23:05:29,28.611,77.03845,474.8,9,1,SIMP107224.62,
1095,23:05:30,312,C,S,N,475.6,24.8,8.77,23:05:30,28.611,77.03845,475.6,9,1,SIMP107234.42,
1095,23:05:31,313,C,S,N,476.4,25.1,8.58,23:05:31,28.611,77.03845,476.4,9,1,SIMP107244.21,
1095,23:05:32,314,C,S,N,477.1,24.7,8.63,23:05:32,28.611,77.03845,477.1,9,1,SIMP107253.98,
1095,23:05:33,315,C,S,N,477.9,25.5,8.85,23:05:33,28.611,77.03845,477.9,9,1,SIMP107263.74,
1095,23:05:34,316,C,S,N,478.6,25.3,8.8,23:05:34,28.611,77.03845,478.6,9,1,SIMP107273.48,
1095,23:05:35,317,C,S,N,479.4,25.1,8.93,23:05:35,28.611,77.03845,479.4,9,1,SIMP107283.21,
1095,23:05:36,318,C,S,N,480.2,25,8.55,23:05:36,28.611,77.03845,480.2,9,1,SIMP107292.93,
1095,23:05:37,319,C,S,N,480.9,25.2,8.77,23:05:37,28.611,77.03845,480.9,9,1,SIMP107302.63,
1095,23:05:38,320,C,S,N,481.7,24.4,8.53,23:05:38,28.611,77.03845,481.7,9,1,SIMP107312.31,
1095,23:05:39,321,C,S,N,482.4,24.7,8.5,23:05:39,28.611,77.03845,482.4,9,1,SIMP107321.98,
1095,23:05:40,322,C,S,N,483.2,24.1,8.64,23:05:40,28.611,77.03845,483.2,9,1,SIMP107331.64,
1095,23:05:41,323,C,S,N,483.9,25.2,8.6,23:05:41,28.611,77.03845,483.9,9,1,SIMP107341.29,
1095,23:05:42,324,C,S,N,484.7,24.9,8.88,23:05:42,28.611,77.03845,484.7,9,1,SIMP107350.92,
1095,23:05:43,325,C,S,N,485.4,24.4,8.81,23:05:43,28.611,77.03845,485.4,9,1,SIMP107360.53,
1095,23:05:44,326,C,S,N,486.2,24.4,8.52,23:05:44,28.611,77.03845,486.2,9,1,SIMP107370.13,
1095,23:05:45,327,C,S,N,486.9,25.3,8.93,23:05:45,28.611,77.03845,486.9,9,1,SIMP107379.72,
1095,23:05:46,328,C,S,N,487.6,24.8,8.73,23:05:46,28.611,77.03845,487.6,9,1,SIMP107389.30,
1095,23:05:47,329,C,S,N,488.4,26,9,23:05:47,28.611,77.03845,488.4,9,1,SIMP107398.86,
1095,23:05:48,330,C,S,N,489.1,25,8.71,23:05:48,28.611,77.03845,489.1,9,1,SIMP107408.41,
1095,23:05:49,331,C,S,N,489.9,24.2,8.97,23:05:49,28.611,77.03845,489.9,9,1,SIMP107417.94,
1095,23:05:50,332,C,S,N,490.6,24.9,8.81,23:05:50,28.611,77.03845,490.6,9,1,SIMP107427.46,
1095,23:05:51,333,C,S,N,491.4,25,8.93,23:05:51,28.611,77.03845,491.4,9,1,SIMP107436.97,
1095,23:05:52,334,C,S,N,492.1,25.3,8.7,23:05:52,28.611,77.03845,492.1,9,1,SIMP107446.47,
1095,23:05:53,335,C,S,N,492.8,25.8,8.61,23:05:53,28.611,77.03845,492.8,9,1,SIMP107455.95,
1095,23:05:54,336,C,S,N,493.6,25.2,8.96,23:05:54,28.611,77.03845,493.6,9,1,SIMP107465.42,
1095,23:05:55,337,C,S,N,494.3,24,8.67,23:05:55,28.611,77.03845,494.3,9,1,SIMP107474.87,
1095,23:05:56,338,C,S,N,495.0,25.2,8.67,23:05:56,28.611,77.03845,495.0,9,1,SIMP107484.31,
1095,23:05:57,339,C,S,N,495.8,24.7,8.86,23:05:57,28.611,77.03845,495.8,9,1,SIMP107493.74,
1095,23:05:58,340,C,S,N,496.5,25.5,8.9,23:05:58,28.611,77.03845,496.5,9,1,SIMP107503.16,
1095,23:05:59,341,C,S,N,497.2,24.8,8.91,23:05:59,28.611,77.03845,497.2,9,1,SIMP107512.56,
1095,23:06:00,342,C,S,N,497.9,24.1,8.89,23:06:00,28.611,77.03845,497.9,9,1,SIMP107521.95,
1095,23:06:01,343,C,S,N,498.7,25.1,8.96,23:06:01,28.611,77.03845,498.7,9,1,SIMP107531.33,
1095,23:06:02,344,C,S,N,499.4,25.6,9,23:06:02,28.611,77.03845,499.4,9,1,SIMP107540.70,
1095,23:06:03,345,C,S,N,500.1,24,8.99,23:06:03,28.611,77.03845,500.1,9,1,SIMP107550.05,
1095,23:06:04,346,C,S,N,500.8,24.7,8.53,23:06:04,28.611,77.03845,500.8,9,1,SIMP107559.39,
1095,23:06:05,347,C,S,N,501.6,25.3,8.78,23:06:05,28.611,77.03845,501.6,9,1,SIMP107568.72,
1095,23:06:06,348,C,S,N,502.3,24.6,8.97,23:06:06,28.611,77.03845,502.3,9,1,SIMP107578.03,
1095,23:06:07,349,C,S,N,503.0,24.1,8.76,23:06:07,28.611,77.03845,503.0,9,1,SIMP107587.34,
1095,23:06:08,350,C,S,N,503.7,25,8.66,23:06:08,28.611,77.03845,503.7,9,1,SIMP107596.63,
1095,23:06:09,351,C,S,N,504.5,25.3,8.72,23:06:09,28.611,77.03845,504.5,9,1,SIMP107605.90,
1095,23:06:10,352,C,S,N,505.2,25.7,8.83,23:06:10,28.611,77.03845,505.2,9,1,SIMP107615.17,
1095,23:06:11,353,C,S,N,505.9,25.5,8.94,23:06:11,28.611,77.03845,505.9,9,1,SIMP107624.42,
1095,23:06:12,354,C,S,N,506.6,24.2,8.77,23:06:12,28.611,77.03845,506.6,9,1,SIMP107633.67,
1095,23:06:13,355,C,S,N,507.3,24.5,8.61,23:06:13,28.611,77.03845,507.3,9,1,SIMP107642.89,
1095,23:06:14,356,C,S,N,508.0,24.5,8.75,23:06:14,28.611,77.03845,508.0,9,1,SIMP107652.11,
1095,23:06:15,357,C,S,N,508.7,25.9,8.71,23:06:15,28.611,77.03845,508.7,9,1,SIMP107661.32,
1095,23:06:16,358,C,S,N,509.5,25,8.58,23:06:16,28.611,77.03845,509.5,9,1,SIMP107670.51,
1095,23:06:17,359,C,S,N,510.2,26,8.84,23:06:17,28.611,77.03845,510.2,9,1,SIMP107679.69,
1095,23:06:18,360,C,S,N,510.9,24,8.93,23:06:18,28.611,77.03845,510.9,9,1,SIMP107688.86,
1095,23:06:19,361,C,S,N,511.6,24.3,8.57,23:06:19,28.611,77.03845,511.6,9,1,SIMP107698.02,
1095,23:06:20,362,C,S,N,512.3,24.7,8.67,23:06:20,28.611,77.03845,512.3,9,1,SIMP107707.16,
1095,23:06:21,363,C,S,N,513.0,24.8,8.85,23:06:21,28.611,77.03845,513.0,9,1,SIMP107716.30,
1095,23:06:22,364,C,S,N,513.7,25.9,8.58,23:06:22,28.611,77.03845,513.7,9,1,SIMP107725.42,
1095,23:06:23,365,C,S,N,514.4,24.5,8.82,23:06:23,28.611,77.03845,514.4,9,1,SIMP107734.53,
1095,23:06:24,366,C,S,N,515.1,26,8.63,23:06:24,28.611,77.03845,515.1,9,1,SIMP107743.63,
1095,23:06:25,367,C,S,N,515.8,24.7,8.81,23:06:25,28.611,77.03845,515.8,9,1,SIMP107752.72,
1095,23:06:26,368,C,S,N,516.5,24.5,8.55,23:06:26,28.611,77.03845,516.5,9,1,SIMP107761.80,
1095,23:06:27,369,C,S,N,517.2,25.4,8.54,23:06:27,28.611,77.03845,517.2,9,1,SIMP107770.86,
1095,23:06:28,370,C,S,N,517.9,24.9,8.96,23:06:28,28.611,77.03845,517.9,9,1,SIMP107779.92,
1095,23:06:29,371,C,S,N,518.6,26,8.89,23:06:29,28.611,77.03845,518.6,9,1,SIMP107788.96,
1095,23:06:30,372,C,S,N,519.3,24.7,8.99,23:06:30,28.611,77.03845,519.3,9,1,SIMP107797.99,
1095,23:06:31,373,C,S,N,520.0,25,8.98,23:06:31,28.611,77.03845,520.0,9,1,SIMP107807.01,
1095,23:06:32,374,C,S,N,520.7,26,8.79,23:06:32,28.611,77.03845,520.7,9,1,SIMP107816.02,
1095,23:06:33,375,C,S,N,521.4,25.6,8.95,23:06:33,28.611,77.03845,521.4,9,1,SIMP107825.02,
1095,23:06:34,376,C,S,N,522.1,24.5,8.56,23:06:34,28.611,77.03845,522.1,9,1,SIMP107834.00,
1095,23:06:35,377,C,S,N,522.8,24.8,8.64,23:06:35,28.611,77.03845,522.8,9,1,SIMP107842.98,
1095,23:06:36,378,C,S,N,523.5,25.6,8.99,23:06:36,28.611,77.03845,523.5,9,1,SIMP107851.94,
1095,23:06:37,379,C,S,N,524.2,24.1,8.53,23:06:37,28.611,77.03845,524.2,9,1,SIMP107860.89,
1095,23:06:38,380,C,S,N,524.9,25.3,8.91,23:06:38,28.611,77.03845,524.9,9,1,SIMP107869.84,
1095,23:06:39,381,C,S,N,525.6,26,8.53,23:06:39,28.611,77.03845,525.6,9,1,SIMP107878.77,
1095,23:06:40,382,C,S,N,526.3,26,8.68,23:06:40,28.611,77.03845,526.3,9,1,SIMP107887.69,
1095,23:06:41,383,C,S,N,526.9,24.8,8.92,23:06:41,28.611,77.03845,526.9,9,1,SIMP107896.60,
1095,23:06:42,384,C,S,N,527.6,24.4,8.94,23:06:42,28.611,77.03845,527.6,9,1,SIMP107905.50,
1095,23:06:43,385,C,S,N,528.3,25.6,8.69,23:06:43,28.611,77.03845,528.3,9,1,SIMP107914.39,
1095,23:06:44,386,C,S,N,529.0,24.2,8.51,23:06:44,28.611,77.03845,529.0,9,1,SIMP107923.27,
1095,23:06:45,387,C,S,N,529.7,25.8,8.69,23:06:45,28.611,77.03845,529.7,9,1,SIMP107932.13,
1095,23:06:46,388,C,S,N,530.4,25.8,8.75,23:06:46,28.611,77.03845,530.4,9,1,SIMP107940.99,
1095,23:06:47,389,C,S,N,531.1,24.9,8.92,23:06:47,28.611,77.03845,531.1,9,1,SIMP107949.84,
1095,23:06:48,390,C,S,N,531.7,25.2,8.85,23:06:48,28.611,77.03845,531.7,9,1,SIMP107958.67,
1095,23:06:49,391,C,S,N,532.4,24.2,8.8,23:06:49,28.611,77.03845,532.4,9,1,SIMP107967.50,
1095,23:06:50,392,C,S,N,533.1,25,8.91,23:06:50,28.611,77.03845,533.1,9,1,SIMP107976.31,
1095,23:06:51,393,C,S,N,533.8,24.2,8.77,23:06:51,28.611,77.03845,533.8,9,1,SIMP107985.12,
1095,23:06:52,394,C,S,N,534.5,24.5,8.85,23:06:52,28.611,77.03845,534.5,9,1,SIMP107993.91,
1095,23:06:53,395,C,S,N,535.1,24.6,8.61,23:06:53,28.611,77.03845,535.1,9,1,SIMP108002.69,
1095,23:06:54,396,C,S,N,535.8,24.4,8.59,23:06:54,28.611,77.03845,535.8,9,1,SIMP108011.47,
1095,23:06:55,397,C,S,N,536.5,24.3,8.57,23:06:55,28.611,77.03845,536.5,9,1,SIMP108020.23,
1095,23:06:56,398,C,S,N,537.2,24.9,8.8,23:06:56,28.611,77.03845,537.2,9,1,SIMP108028.98,
1095,23:06:57,399,C,S,N,537.8,24,8.82,23:06:57,28.611,77.03845,537.8,9,1,SIMP108037.73,
1095,23:06:58,400,C,S,N,538.5,24.8,8.75,23:06:58,28.611,77.03845,538.5,9,1,SIMP108046.46,
1095,23:06:59,401,C,S,N,539.2,25.5,8.64,23:06:59,28.611,77.03845,539.2,9,1,SIMP108055.18,
1095,23:07:00,402,C,S,N,539.9,24.8,8.62,23:07:00,28.611,77.03845,539.9,9,1,SIMP108063.89,
1095,23:07:01,403,C,S,N,540.5,25.9,8.91,23:07:01,28.611,77.03845,540.5,9,1,SIMP108072.60,
1095,23:07:02,404,C,S,N,541.2,24.8,8.57,23:07:02,28.611,77.03845,541.2,9,1,SIMP108081.29,
1095,23:07:03,405,C,S,N,541.9,24.5,8.92,23:07:03,28.611,77.03845,541.9,9,1,SIMP108089.97,
1095,23:07:04,406,C,S,N,542.5,25.8,8.85,23:07:04,28.611,77.03845,542.5,9,1,SIMP108098.65,
1095,23:07:05,407,C,S,N,543.2,24.5,8.55,23:07:05,28.611,77.03845,543.2,9,1,SIMP108107.31,
1095,23:07:06,408,C,S,N,543.9,24,8.81,23:07:06,28.611,77.03845,543.9,9,1,SIMP108115.96,
1095,23:07:07,409,C,S,N,544.5,26,8.99,23:07:07,28.611,77.03845,544.5,9,1,SIMP108124.61,
1095,23:07:08,410,C,S,N,545.2,25.6,8.86,23:07:08,28.611,77.03845,545.2,9,1,SIMP108133.24,
1095,23:07:09,411,C,S,N,545.9,24.9,8.86,23:07:09,28.611,77.03845,545.9,9,1,SIMP108141.86,
1095,23:07:10,412,C,S,N,546.5,25,8.99,23:07:10,28.611,77.03845,546.5,9,1,SIMP108150.48,
1095,23:07:11,413,C,S,N,547.2,24.1,8.67,23:07:11,28.611,77.03845,547.2,9,1,SIMP108159.08,
1095,23:07:12,414,C,S,N,547.9,25.8,8.92,23:07:12,28.611,77.03845,547.9,9,1,SIMP108167.68,
1095,23:07:13,415,C,S,N,548.5,25.5,8.97,23:07:13,28.611,77.03845,548.5,9,1,SIMP108176.26,
1095,23:07:14,416,C,S,N,549.2,24.5,8.67,23:07:14,28.611,77.03845,549.2,9,1,SIMP108184.84,
1095,23:07:15,417,C,S,N,549.8,24,8.87,23:07:15,28.611,77.03845,549.8,9,1,SIMP108193.41,
1095,23:07:16,418,C,S,N,550.5,25.9,8.8,23:07:16,28.611,77.03845,550.5,9,1,SIMP108201.96,
1095,23:07:17,419,C,S,N,551.2,25.8,8.69,23:07:17,28.611,77.03845,551.2,9,1,SIMP108210.51,
1095,23:07:18,420,C,S,N,551.8,25.7,8.83,23:07:18,28.611,77.03845,551.8,9,1,SIMP108219.05,
1095,23:07:19,421,C,S,N,552.5,25.9,8.99,23:07:19,28.611,77.03845,552.5,9,1,SIMP108227.58,
1095,23:07:20,422,C,S,N,553.1,24.6,8.51,23:07:20,28.611,77.03845,553.1,9,1,SIMP108236.10,
1095,23:07:21,423,C,S,N,553.8,24.6,8.94,23:07:21,28.611,77.03845,553.8,9,1,SIMP108244.61,
1095,23:07:22,424,C,S,N,554.4,24.9,8.57,23:07:22,28.611,77.03845,554.4,9,1,SIMP108253.11,
1095,23:07:23,425,C,S,N,555.1,25.4,8.94,23:07:23,28.611,77.03845,555.1,9,1,SIMP108261.60,
1095,23:07:24,426,C,S,N,555.7,25.5,8.53,23:07:24,28.611,77.03845,555.7,9,1,SIMP108270.08,
1095,23:07:25,427,C,S,N,556.4,26,8.53,23:07:25,28.611,77.03845,556.4,9,1,SIMP108278.56,
1095,23:07:26,428,C,S,N,557.0,25.6,8.6,23:07:26,28.611,77.03845,557.0,9,1,SIMP108287.02,
1095,23:07:27,429,C,S,N,557.7,24.2,8.73,23:07:27,28.611,77.03845,557.7,9,1,SIMP108295.48,
1095,23:07:28,430,C,S,N,558.3,24.6,8.91,23:07:28,28.611,77.03845,558.3,9,1,SIMP108303.92,
1095,23:07:29,431,C,S,N,559.0,25.8,8.61,23:07:29,28.611,77.03845,559.0,9,1,SIMP108312.36,
1095,23:07:30,432,C,S,N,559.6,24.1,8.68,23:07:30,28.611,77.03845,559.6,9,1,SIMP108320.79,
1095,23:07:31,433,C,S,N,560.3,25.8,8.97,23:07:31,28.611,77.03845,560.3,9,1,SIMP108329.21,
1095,23:07:32,434,C,S,N,560.9,25.8,8.96,23:07:32,28.611,77.03845,560.9,9,1,SIMP108337.62,
1095,23:07:33,435,C,S,N,561.6,24.5,8.85,23:07:33,28.611,77.03845,561.6,9,1,SIMP108346.02,
1095,23:07:34,436,C,S,N,562.2,24,8.87,23:07:34,28.611,77.03845,562.2,9,1,SIMP108354.41,
1095,23:07:35,437,C,S,N,562.9,24.5,8.72,23:07:35,28.611,77.03845,562.9,9,1,SIMP108362.79,
1095,23:07:36,438,C,S,N,563.5,24.3,8.71,23:07:36,28.611,77.03845,563.5,9,1,SIMP108371.17,
1095,23:07:37,439,C,S,N,564.2,24.1,8.93,23:07:37,28.611,77.03845,564.2,9,1,SIMP108379.54,
1095,23:07:38,440,C,S,N,564.8,25.8,8.96,23:07:38,28.611,77.03845,564.8,9,1,SIMP108387.89,
1095,23:07:39,441,C,S,N,565.4,25.4,8.63,23:07:39,28.611,77.03845,565.4,9,1,SIMP108396.24,
1095,23:07:40,442,C,S,N,566.1,24.1,8.5,23:07:40,28.611,77.03845,566.1,9,1,SIMP108404.58,
1095,23:07:41,443,C,S,N,566.7,25.3,8.97,23:07:41,28.611,77.03845,566.7,9,1,SIMP108412.91,
1095,23:07:42,444,C,S,N,567.4,24.1,9,23:07:42,28.611,77.03845,567.4,9,1,SIMP108421.23,
1095,23:07:43,445,C,S,N,568.0,25.6,8.91,23:07:43,28.611,77.03845,568.0,9,1,SIMP108429.55,
1095,23:07:44,446,C,S,N,568.6,25.6,8.82,23:07:44,28.611,77.03845,568.6,9,1,SIMP108437.85,
1095,23:07:45,447,C,S,N,569.3,24.4,8.9,23:07:45,28.611,77.03845,569.3,9,1,SIMP108446.15,
1095,23:07:46,448,C,S,N,569.9,25.4,8.54,23:07:46,28.611,77.03845,569.9,9,1,SIMP108454.44,
1095,23:07:47,449,C,S,N,570.5,25.7,8.51,23:07:47,28.611,77.03845,570.5,9,1,SIMP108462.72,
1095,23:07:48,450,C,S,N,571.2,24.3,8.94,23:07:48,28.611,77.03845,571.2,9,1,SIMP108470.99,
1095,23:07:49,451,C,S,N,571.8,25.1,8.95,23:07:49,28.611,77.03845,571.8,9,1,SIMP108479.25,
1095,23:07:50,452,C,S,N,572.5,24.7,8.81,23:07:50,28.611,77.03845,572.5,9,1,SIMP108487.51,
1095,23:07:51,453,C,S,N,573.1,24.7,8.73,23:07:51,28.611,77.03845,573.1,9,1,SIMP108495.75,
1095,23:07:52,454,C,S,N,573.7,25.2,8.56,23:07:52,28.611,77.03845,573.7,9,1,SIMP108503.99,
1095,23:07:53,455,C,S,N,574.3,25.6,8.77,23:07:53,28.611,77.03845,574.3,9,1,SIMP108512.22,
1095,23:07:54,456,C,S,N,575.0,24.2,8.52,23:07:54,28.611,77.03845,575.0,9,1,SIMP108520.44,
1095,23:07:55,457,C,S,N,575.6,25.6,8.73,23:07:55,28.611,77.03845,575.6,9,1,SIMP108528.66,
1095,23:07:56,458,C,S,N,576.2,24.2,8.93,23:07:56,28.611,77.03845,576.2,9,1,SIMP108536.86,
1095,23:07:57,459,C,S,N,576.9,25.6,8.67,23:07:57,28.611,77.03845,576.9,9,1,SIMP108545.06,
1095,23:07:58,460,C,S,N,577.5,24.4,8.77,23:07:58,28.611,77.03845,577.5,9,1,SIMP108553.24,
1095,23:07:59,461,C,S,N,578.1,25.4,8.91,23:07:59,28.611,77.03845,578.1,9,1,SIMP108561.42,
1095,23:08:00,462,C,S,N,578.7,24.4,8.91,23:08:00,28.611,77.03845,578.7,9,1,SIMP108569.60,
1095,23:08:01,463,C,S,N,579.4,24.8,8.67,23:08:01,28.611,77.03845,579.4,9,1,SIMP108577.76,
1095,23:08:02,464,C,S,N,580.0,24.4,8.71,23:08:02,28.611,77.03845,580.0,9,1,SIMP108585.92,
1095,23:08:03,465,C,S,N,580.6,25.4,8.54,23:08:03,28.611,77.03845,580.6,9,1,SIMP108594.06,
1095,23:08:04,466,C,S,N,581.2,25,8.67,23:08:04,28.611,77.03845,581.2,9,1,SIMP108602.20,
1095,23:08:05,467,C,S,N,581.9,25.6,8.65,23:08:05,28.611,77.03845,581.9,9,1,SIMP108610.33,
1095,23:08:06,468,C,S,N,582.5,24.3,8.61,23:08:06,28.611,77.03845,582.5,9,1,SIMP108618.46,
1095,23:08:07,469,C,S,N,583.1,25.3,8.96,23:08:07,28.611,77.03845,583.1,9,1,SIMP108626.57,
1095,23:08:08,470,C,S,N,583.7,24.2,8.65,23:08:08,28.611,77.03845,583.7,9,1,SIMP108634.68,
1095,23:08:09,471,C,S,N,584.4,26,8.74,23:08:09,28.611,77.03845,584.4,9,1,SIMP108642.78,
1095,23:08:10,472,C,S,N,585.0,24.7,8.59,23:08:10,28.611,77.03845,585.0,9,1,SIMP108650.87,
1095,23:08:11,473,C,S,N,585.6,24.2,8.59,23:08:11,28.611,77.03845,585.6,9,1,SIMP108658.96,
1095,23:08:12,474,C,S,N,586.2,25.4,8.96,23:08:12,28.611,77.03845,586.2,9,1,SIMP108667.03,
1095,23:08:13,475,C,S,N,586.8,24.9,8.61,23:08:13,28.611,77.03845,586.8,9,1,SIMP108675.10,
1095,23:08:14,476,C,S,N,587.5,24.1,8.63,23:08:14,28.611,77.03845,587.5,9,1,SIMP108683.16,
1095,23:08:15,477,C,S,N,588.1,25.1,8.79,23:08:15,28.611,77.03845,588.1,9,1,SIMP108691.22,
1095,23:08:16,478,C,S,N,588.7,24.7,8.94,23:08:16,28.611,77.03845,588.7,9,1,SIMP108699.26,
1095,23:08:17,479,C,S,N,589.3,25.8,8.64,23:08:17,28.611,77.03845,589.3,9,1,SIMP108707.30,
1095,23:08:18,480,C,S,N,589.9,25.8,8.52,23:08:18,28.611,77.03845,589.9,9,1,SIMP108715.33,
1095,23:08:19,481,C,S,N,590.5,25.2,8.99,23:08:19,28.611,77.03845,590.5,9,1,SIMP108723.35,
1095,23:08:20,482,C,S,N,591.1,24.5,8.67,23:08:20,28.611,77.03845,591.1,9,1,SIMP108731.37,
1095,23:08:21,483,C,S,N,591.8,25.3,8.66,23:08:21,28.611,77.03845,591.8,9,1,SIMP108739.37,
1095,23:08:22,484,C,S,N,592.4,24.4,8.95,23:08:22,28.611,77.03845,592.4,9,1,SIMP108747.37,
1095,23:08:23,485,C,S,N,593.0,24.9,8.59,23:08:23,28.611,77.03845,593.0,9,1,SIMP108755.36,
1095,23:08:24,486,C,S,N,593.6,25.9,8.91,23:08:24,28.611,77.03845,593.6,9,1,SIMP108763.35,
1095,23:08:25,487,C,S,N,594.2,24.2,8.77,23:08:25,28.611,77.03845,594.2,9,1,SIMP108771.33,
1095,23:08:26,488,C,S,N,594.8,25.9,8.63,23:08:26,28.611,77.03845,594.8,9,1,SIMP108779.29,
1095,23:08:27,489,C,S,N,595.4,25,8.56,23:08:27,28.611,77.03845,595.4,9,1,SIMP108787.26,
1095,23:08:28,490,C,S,N,596.0,25.9,8.53,23:08:28,28.611,77.03845,596.0,9,1,SIMP108795.21,
1095,23:08:29,491,C,S,N,596.6,25.1,8.62,23:08:29,28.611,77.03845,596.6,9,1,SIMP108803.16,
1095,23:08:30,492,C,S,N,597.2,25.5,8.93,23:08:30,28.611,77.03845,597.2,9,1,SIMP108811.10,
1095,23:08:31,493,C,S,N,597.9,24.1,8.84,23:08:31,28.611,77.03845,597.9,9,1,SIMP108819.03,
1095,23:08:32,494,C,S,N,598.5,26,8.85,23:08:32,28.611,77.03845,598.5,9,1,SIMP108826.95,
1095,23:08:33,495,C,S,N,599.1,26,8.84,23:08:33,28.611,77.03845,599.1,9,1,SIMP108834.87,
1095,23:08:34,496,C,S,N,599.7,24.2,8.6,23:08:34,28.611,77.03845,599.7,9,1,SIMP108842.78,
1095,23:08:35,497,C,S,N,600.3,25.9,8.74,23:08:35,28.611,77.03845,600.3,9,1,SIMP108850.69,
1095,23:08:36,498,C,S,N,600.9,24.5,8.88,23:08:36,28.611,77.03845,600.9,9,1,SIMP108858.58,
1095,23:08:37,499,C,S,N,601.5,25.7,8.67,23:08:37,28.611,77.03845,601.5,9,1,SIMP108866.47,
1095,23:08:38,500,C,S,N,602.1,24.7,8.66,23:08:38,28.611,77.03845,602.1,9,1,SIMP108874.35,
1095,23:08:39,501,C,S,N,602.7,25.7,8.73,23:08:39,28.611,77.03845,602.7,9,1,SIMP108882.22,
1095,23:08:40,502,C,S,N,603.3,24,8.79,23:08:40,28.611,77.03845,603.3,9,1,SIMP108890.09,
1095,23:08:41,503,C,S,N,603.9,25.9,8.73,23:08:41,28.611,77.03845,603.9,9,1,SIMP108897.95,
1095,23:08:42,504,C,S,N,604.5,24.7,8.8,23:08:42,28.611,77.03845,604.5,9,1,SIMP108905.80,
1095,23:08:43,505,C,S,N,605.1,24,8.85,23:08:43,28.611,77.03845,605.1,9,1,SIMP108913.65,
1095,23:08:44,506,C,S,N,605.7,24.1,8.89,23:08:44,28.611,77.03845,605.7,9,1,SIMP108921.49,
1095,23:08:45,507,C,S,N,606.3,24.8,8.77,23:08:45,28.611,77.03845,606.3,9,1,SIMP108929.32,
1095,23:08:46,508,C,S,N,606.9,25.3,8.72,23:08:46,28.611,77.03845,606.9,9,1,SIMP108937.14,
1095,23:08:47,509,C,S,N,607.5,25.1,8.81,23:08:47,28.611,77.03845,607.5,9,1,SIMP108944.96,
1095,23:08:48,510,C,S,N,608.1,24,8.82,23:08:48,28.611,77.03845,608.1,9,1,SIMP108952.77,
1095,23:08:49,511,C,S,N,608.7,24.7,8.61,23:08:49,28.611,77.03845,608.7,9,1,SIMP108960.57,
1095,23:08:50,512,C,S,N,609.3,24.2,8.66,23:08:50,28.611,77.03845,609.3,9,1,SIMP108968.37,
1095,23:08:51,513,C,S,N,609.9,24.7,8.89,23:08:51,28.611,77.03845,609.9,9,1,SIMP108976.16,
1095,23:08:52,514,C,S,N,610.5,24.8,8.5,23:08:52,28.611,77.03845,610.5,9,1,SIMP108983.94,
1095,23:08:53,515,C,S,N,611.0,25.5,8.6,23:08:53,28.611,77.03845,611.0,9,1,SIMP108991.72,
1095,23:08:54,516,C,S,N,611.6,25.5,8.94,23:08:54,28.611,77.03845,611.6,9,1,SIMP108999.49,
1095,23:08:55,517,C,S,N,612.2,24.1,8.53,23:08:55,28.611,77.03845,612.2,9,1,SIMP109007.25,
1095,23:08:56,518,C,S,N,612.8,25.7,8.63,23:08:56,28.611,77.03845,612.8,9,1,SIMP109015.00,
1095,23:08:57,519,C,S,N,613.4,24.9,8.58,23:08:57,28.611,77.03845,613.4,9,1,SIMP109022.75,
1095,23:08:58,520,C,S,N,614.0,25.5,8.86,23:08:58,28.611,77.03845,614.0,9,1,SIMP109030.49,
1095,23:08:59,521,C,S,N,614.6,24.7,8.86,23:08:59,28.611,77.03845,614.6,9,1,SIMP109038.23,
1095,23:09:00,522,C,S,N,615.2,24.8,8.54,23:09:00,28.611,77.03845,615.2,9,1,SIMP109045.95,
1095,23:09:01,523,C,S,N,615.8,24.7,8.71,23:09:01,28.611,77.03845,615.8,9,1,SIMP109053.67,
1095,23:09:02,524,C,S,N,616.4,25.7,8.96,23:09:02,28.611,77.03845,616.4,9,1,SIMP109061.39,
1095,23:09:03,525,C,S,N,616.9,25.3,8.89,23:09:03,28.611,77.03845,616.9,9,1,SIMP109069.10,
1095,23:09:04,526,C,S,N,617.5,25.1,8.56,23:09:04,28.611,77.03845,617.5,9,1,SIMP109076.80,
1095,23:09:05,527,C,S,N,618.1,24.8,8.64,23:09:05,28.611,77.03845,618.1,9,1,SIMP109084.49,
1095,23:09:06,528,C,S,N,618.7,24.9,8.56,23:09:06,28.611,77.03845,618.7,9,1,SIMP109092.18,
1095,23:09:07,529,C,S,N,619.3,24.6,9,23:09:07,28.611,77.03845,619.3,9,1,SIMP109099.86,
1095,23:09:08,530,C,S,N,619.9,24.4,8.67,23:09:08,28.611,77.03845,619.9,9,1,SIMP109107.53,
1095,23:09:09,531,C,S,N,620.5,24.8,8.66,23:09:09,28.611,77.03845,620.5,9,1,SIMP109115.20,
1095,23:09:10,532,C,S,N,621.0,25.6,8.77,23:09:10,28.611,77.03845,621.0,9,1,SIMP109122.86,
1095,23:09:11,533,C,S,N,621.6,24.8,8.65,23:09:11,28.611,77.03845,621.6,9,1,SIMP109130.52,
1095,23:09:12,534,C,S,N,622.2,24.3,8.56,23:09:12,28.611,77.03845,622.2,9,1,SIMP109138.16,
1095,23:09:13,535,C,S,N,622.8,24.9,8.71,23:09:13,28.611,77.03845,622.8,9,1,SIMP109145.81,
1095,23:09:14,536,C,S,N,623.4,24.7,8.62,23:09:14,28.611,77.03845,623.4,9,1,SIMP109153.44,
1095,23:09:15,537,C,S,N,624.0,24.2,8.67,23:09:15,28.611,77.03845,624.0,9,1,SIMP109161.07,
1095,23:09:16,538,C,S,N,624.5,24.1,8.86,23:09:16,28.611,77.03845,624.5,9,1,SIMP109168.69,
1095,23:09:17,539,C,S,N,625.1,24.5,8.94,23:09:17,28.611,77.03845,625.1,9,1,SIMP109176.31,
1095,23:09:18,540,C,S,N,625.7,24.4,8.78,23:09:18,28.611,77.03845,625.7,9,1,SIMP109183.92,
1095,23:09:19,541,C,S,N,626.3,26,8.71,23:09:19,28.611,77.03845,626.3,9,1,SIMP109191.52,
1095,23:09:20,542,C,S,N,626.9,24.8,8.89,23:09:20,28.611,77.03845,626.9,9,1,SIMP109199.11,
1095,23:09:21,543,C,S,N,627.4,26,8.64,23:09:21,28.611,77.03845,627.4,9,1,SIMP109206.70,
1095,23:09:22,544,C,S,N,628.0,24.6,8.92,23:09:22,28.611,77.03845,628.0,9,1,SIMP109214.29,
1095,23:09:23,545,C,S,N,628.6,24.8,8.53,23:09:23,28.611,77.03845,628.6,9,1,SIMP109221.86,
1095,23:09:24,546,C,S,N,629.2,24.8,8.76,23:09:24,28.611,77.03845,629.2,9,1,SIMP109229.44,
1095,23:09:25,547,C,S,N,629.7,25,8.62,23:09:25,28.611,77.03845,629.7,9,1,SIMP109237.00,
1095,23:09:26,548,C,S,N,630.3,24.9,8.59,23:09:26,28.611,77.03845,630.3,9,1,SIMP109244.56,
1095,23:09:27,549,C,S,N,630.9,25.1,8.67,23:09:27,28.611,77.03845,630.9,9,1,SIMP109252.11,
1095,23:09:28,550,C,S,N,631.5,24.2,8.96,23:09:28,28.611,77.03845,631.5,9,1,SIMP109259.66,
1095,23:09:29,551,C,S,N,632.0,25.3,8.91,23:09:29,28.611,77.03845,632.0,9,1,SIMP109267.20,
1095,23:09:30,552,C,S,N,632.6,24.9,8.97,23:09:30,28.611,77.03845,632.6,9,1,SIMP109274.73,
1095,23:09:31,553,C,S,N,633.2,25.2,8.98,23:09:31,28.611,77.03845,633.2,9,1,SIMP109282.26,
1095,23:09:32,554,C,S,N,633.8,25.8,8.81,23:09:32,28.611,77.03845,633.8,9,1,SIMP109289.78,
1095,23:09:33,555,C,S,N,634.3,24.4,8.79,23:09:33,28.611,77.03845,634.3,9,1,SIMP109297.29,
1095,23:09:34,556,C,S,N,634.9,24.2,8.91,23:09:34,28.611,77.03845,634.9,9,1,SIMP109304.80,
1095,23:09:35,557,C,S,N,635.5,25.5,8.87,23:09:35,28.611,77.03845,635.5,9,1,SIMP109312.30,
1095,23:09:36,558,C,S,N,636.0,24,8.95,23:09:36,28.611,77.03845,636.0,9,1,SIMP109319.80,
1095,23:09:37,559,C,S,N,636.6,25.4,8.59,23:09:37,28.611,77.03845,636.6,9,1,SIMP109327.29,
1095,23:09:38,560,C,S,N,637.2,24.3,8.54,23:09:38,28.611,77.03845,637.2,9,1,SIMP109334.77,
1095,23:09:39,561,C,S,N,637.7,24.9,8.75,23:09:39,28.611,77.03845,637.7,9,1,SIMP109342.25,
1095,23:09:40,562,C,S,N,638.3,25.2,8.55,23:09:40,28.611,77.03845,638.3,9,1,SIMP109349.72,
1095,23:09:41,563,C,S,N,638.9,24.7,8.94,23:09:41,28.611,77.03845,638.9,9,1,SIMP109357.19,
1095,23:09:42,564,C,S,N,639.5,24.1,8.79,23:09:42,28.611,77.03845,639.5,9,1,SIMP109364.65,
1095,23:09:43,565,C,S,N,640.0,25,8.74,23:09:43,28.611,77.03845,640.0,9,1,SIMP109372.10,
1095,23:09:44,566,C,S,N,640.6,24.1,8.79,23:09:44,28.611,77.03845,640.6,9,1,SIMP109379.55,
1095,23:09:45,567,C,S,N,641.2,24.6,8.5,23:09:45,28.611,77.03845,641.2,9,1,SIMP109386.99,
1095,23:09:46,568,C,S,N,641.7,24.6,8.74,23:09:46,28.611,77.03845,641.7,9,1,SIMP109394.43,
1095,23:09:47,569,C,S,N,642.3,24.2,8.79,23:09:47,28.611,77.03845,642.3,9,1,SIMP109401.86,
1095,23:09:48,570,C,S,N,642.8,24.7,8.73,23:09:48,28.611,77.03845,642.8,9,1,SIMP109409.28,
1095,23:09:49,571,C,S,N,643.4,24.7,8.73,23:09:49,28.611,77.03845,643.4,9,1,SIMP109416.70,
1095,23:09:50,572,C,S,N,644.0,25.7,8.77,23:09:50,28.611,77.03845,644.0,9,1,SIMP109424.11,
1095,23:09:51,573,C,S,N,644.5,24,8.74,23:09:51,28.611,77.03845,644.5,9,1,SIMP109431.52,
1095,23:09:52,574,C,S,N,645.1,24.9,8.71,23:09:52,28.611,77.03845,645.1,9,1,SIMP109438.92,
1095,23:09:53,575,C,S,N,645.7,25.3,8.74,23:09:53,28.611,77.03845,645.7,9,1,SIMP109446.32,
1095,23:09:54,576,C,S,N,646.2,25,8.72,23:09:54,28.611,77.03845,646.2,9,1,SIMP109453.71,
1095,23:09:55,577,C,S,N,646.8,24,9,23:09:55,28.611,77.03845,646.8,9,1,SIMP109461.09,
1095,23:09:56,578,C,S,N,647.3,24.6,8.61,23:09:56,28.611,77.03845,647.3,9,1,SIMP109468.47,
1095,23:09:57,579,C,S,N,647.9,25.3,8.79,23:09:57,28.611,77.03845,647.9,9,1,SIMP109475.84,
1095,23:09:58,580,C,S,N,648.5,25.9,8.72,23:09:58,28.611,77.03845,648.5,9,1,SIMP109483.20,
1095,23:09:59,581,C,S,N,649.0,24,8.93,23:09:59,28.611,77.03845,649.0,9,1,SIMP109490.56,
1095,23:10:00,582,C,S,N,649.6,26,8.51,23:10:00,28.611,77.03845,649.6,9,1,SIMP109497.92,
1095,23:10:01,583,C,S,N,650.1,24.7,8.62,23:10:01,28.611,77.03845,650.1,9,1,SIMP109505.27,
1095,23:10:02,584,C,S,N,650.7,25.9,8.71,23:10:02,28.611,77.03845,650.7,9,1,SIMP109512.61,
1095,23:10:03,585,C,S,N,651.2,25.4,8.75,23:10:03,28.611,77.03845,651.2,9,1,SIMP109519.95,
1095,23:10:04,586,C,S,N,651.8,25.4,8.5,23:10:04,28.611,77.03845,651.8,9,1,SIMP109527.28,
1095,23:10:05,587,C,S,N,652.4,24.7,8.55,23:10:05,28.611,77.03845,652.4,9,1,SIMP109534.60,
1095,23:10:06,588,C,S,N,652.9,25.9,8.66,23:10:06,28.611,77.03845,652.9,9,1,SIMP109541.92,
1095,23:10:07,589,C,S,N,653.5,24.3,8.7,23:10:07,28.611,77.03845,653.5,9,1,SIMP109549.24,
1095,23:10:08,590,C,S,N,654.0,24.2,8.68,23:10:08,28.611,77.03845,654.0,9,1,SIMP109556.55,
1095,23:10:09,591,C,S,N,654.6,25.9,8.58,23:10:09,28.611,77.03845,654.6,9,1,SIMP109563.85,
1095,23:10:10,592,C,S,N,655.1,24.8,8.54,23:10:10,28.611,77.03845,655.1,9,1,SIMP109571.15,
1095,23:10:11,593,C,S,N,655.7,25.6,8.81,23:10:11,28.611,77.03845,655.7,9,1,SIMP109578.44,
1095,23:10:12,594,C,S,N,656.2,25,8.75,23:10:12,28.611,77.03845,656.2,9,1,SIMP109585.73,
1095,23:10:13,595,C,S,N,656.8,24,8.93,23:10:13,28.611,77.03845,656.8,9,1,SIMP109593.01,
1095,23:10:14,596,C,S,N,657.3,25.1,8.57,23:10:14,28.611,77.03845,657.3,9,1,SIMP109600.28,
1095,23:10:15,597,C,S,N,657.9,24.6,8.77,23:10:15,28.611,77.03845,657.9,9,1,SIMP109607.55,
1095,23:10:16,598,C,S,N,658.4,24.5,8.69,23:10:16,28.611,77.03845,658.4,9,1,SIMP109614.82,
1095,23:10:17,599,C,S,N,659.0,24.4,8.63,23:10:17,28.611,77.03845,659.0,9,1,SIMP109622.08,
1095,23:10:18,600,C,S,N,659.5,25.6,8.78,23:10:18,28.611,77.03845,659.5,9,1,SIMP109629.33,
1095,23:10:19,601,C,S,N,660.1,25.4,8.58,23:10:19,28.611,77.03845,660.1,9,1,SIMP109636.58,
1095,23:10:20,602,C,S,N,660.6,25.1,8.51,23:10:20,28.611,77.03845,660.6,9,1,SIMP109643.82,
1095,23:10:21,603,C,S,N,661.2,26,8.99,23:10:21,28.611,77.03845,661.2,9,1,SIMP109651.06,
1095,23:10:22,604,C,S,N,661.7,24.9,8.67,23:10:22,28.611,77.03845,661.7,9,1,SIMP109658.29,
1095,23:10:23,605,C,S,N,662.3,26,8.66,23:10:23,28.611,77.03845,662.3,9,1,SIMP109665.51,
1095,23:10:24,606,C,S,N,662.8,24.9,8.98,23:10:24,28.611,77.03845,662.8,9,1,SIMP109672.73,
1095,23:10:25,607,C,S,N,663.4,25.3,8.79,23:10:25,28.611,77.03845,663.4,9,1,SIMP109679.95,
1095,23:10:26,608,C,S,N,663.9,25.2,8.73,23:10:26,28.611,77.03845,663.9,9,1,SIMP109687.16,
1095,23:10:27,609,C,S,N,664.5,25.8,8.71,23:10:27,28.611,77.03845,664.5,9,1,SIMP109694.36,
1095,23:10:28,610,C,S,N,665.0,24.8,8.91,23:10:28,28.611,77.03845,665.0,9,1,SIMP109701.56,
1095,23:10:29,611,C,S,N,665.6,24.4,8.99,23:10:29,28.611,77.03845,665.6,9,1,SIMP109708.76,
1095,23:10:30,612,C,S,N,666.1,24,8.75,23:10:30,28.611,77.03845,666.1,9,1,SIMP109715.95,
1095,23:10:31,613,C,S,N,666.7,24.6,8.75,23:10:31,28.611,77.03845,666.7,9,1,SIMP109723.13,
1095,23:10:32,614,C,S,N,667.2,25.4,8.86,23:10:32,28.611,77.03845,667.2,9,1,SIMP109730.31,
1095,23:10:33,615,C,S,N,667.7,24.1,8.55,23:10:33,28.611,77.03845,667.7,9,1,SIMP109737.48,
1095,23:10:34,616,C,S,N,668.3,25.4,8.81,23:10:34,28.611,77.03845,668.3,9,1,SIMP109744.65,
1095,23:10:35,617,C,S,N,668.8,25.8,8.98,23:10:35,28.611,77.03845,668.8,9,1,SIMP109751.81,
1095,23:10:36,618,C,S,N,669.4,25.3,8.97,23:10:36,28.611,77.03845,669.4,9,1,SIMP109758.97,
1095,23:10:37,619,C,S,N,669.9,25.7,8.85,23:10:37,28.611,77.03845,669.9,9,1,SIMP109766.12,
1095,23:10:38,620,C,S,N,670.4,26,8.58,23:10:38,28.611,77.03845,670.4,9,1,SIMP109773.26,
1095,23:10:39,621,C,S,N,671.0,24.4,8.79,23:10:39,28.611,77.03845,671.0,9,1,SIMP109780.41,
1095,23:10:40,622,C,S,N,671.5,24.7,8.6,23:10:40,28.611,77.03845,671.5,9,1,SIMP109787.54,
1095,23:10:41,623,C,S,N,672.1,24.3,8.72,23:10:41,28.611,77.03845,672.1,9,1,SIMP109794.67,
1095,23:10:42,624,C,S,N,672.6,25.6,8.51,23:10:42,28.611,77.03845,672.6,9,1,SIMP109801.80,
1095,23:10:43,625,C,S,N,673.1,25.4,8.97,23:10:43,28.611,77.03845,673.1,9,1,SIMP109808.92,
1095,23:10:44,626,C,S,N,673.7,25,8.65,23:10:44,28.611,77.03845,673.7,9,1,SIMP109816.03,
1095,23:10:45,627,C,S,N,674.2,24.9,8.67,23:10:45,28.611,77.03845,674.2,9,1,SIMP109823.14,
1095,23:10:46,628,C,S,N,674.8,25.5,8.78,23:10:46,28.611,77.03845,674.8,9,1,SIMP109830.25,
1095,23:10:47,629,C,S,N,675.3,24.1,8.97,23:10:47,28.611,77.03845,675.3,9,1,SIMP109837.35,
1095,23:10:48,630,C,S,N,675.8,25,8.72,23:10:48,28.611,77.03845,675.8,9,1,SIMP109844.44,
1095,23:10:49,631,C,S,N,676.4,24.3,8.71,23:10:49,28.611,77.03845,676.4,9,1,SIMP109851.53,
1095,23:10:50,632,C,S,N,676.9,24.4,8.83,23:10:50,28.611,77.03845,676.9,9,1,SIMP109858.62,
1095,23:10:51,633,C,S,N,677.4,24.3,8.64,23:10:51,28.611,77.03845,677.4,9,1,SIMP109865.70,
1095,23:10:52,634,C,S,N,678.0,24.2,8.94,23:10:52,28.611,77.03845,678.0,9,1,SIMP109872.77,
1095,23:10:53,635,C,S,N,678.5,25.9,8.53,23:10:53,28.611,77.03845,678.5,9,1,SIMP109879.84,
1095,23:10:54,636,C,S,N,679.0,24.6,8.6,23:10:54,28.611,77.03845,679.0,9,1,SIMP109886.91,
1095,23:10:55,637,C,S,N,679.6,25.5,8.83,23:10:55,28.611,77.03845,679.6,9,1,SIMP109893.97,
1095,23:10:56,638,C,S,N,680.1,24.8,8.65,23:10:56,28.611,77.03845,680.1,9,1,SIMP109901.02,
1095,23:10:57,639,C,S,N,680.6,25.3,8.53,23:10:57,28.611,77.03845,680.6,9,1,SIMP109908.07,
1095,23:10:58,640,C,S,N,681.2,25.5,8.83,23:10:58,28.611,77.03845,681.2,9,1,SIMP109915.12,
1095,23:10:59,641,C,S,N,681.7,25.2,8.7,23:10:59,28.611,77.03845,681.7,9,1,SIMP109922.16,
1095,23:11:00,642,C,S,N,682.2,24.8,8.95,23:11:00,28.611,77.03845,682.2,9,1,SIMP109929.19,
1095,23:11:01,643,C,S,N,682.8,25.6,8.96,23:11:01,28.611,77.03845,682.8,9,1,SIMP109936.22,
1095,23:11:02,644,C,S,N,683.3,25.1,8.5,23:11:02,28.611,77.03845,683.3,9,1,SIMP109943.25,
1095,23:11:03,645,C,S,N,683.8,24.8,8.89,23:11:03,28.611,77.03845,683.8,9,1,SIMP109950.27,
1095,23:11:04,646,C,S,N,684.4,24.5,8.64,23:11:04,28.611,77.03845,684.4,9,1,SIMP109957.28,
1095,23:11:05,647,C,S,N,684.9,24.5,8.57,23:11:05,28.611,77.03845,684.9,9,1,SIMP109964.29,
1095,23:11:06,648,C,S,N,685.4,25.8,8.6,23:11:06,28.611,77.03845,685.4,9,1,SIMP109971.30,
1095,23:11:07,649,C,S,N,685.9,25.7,8.6,23:11:07,28.611,77.03845,685.9,9,1,SIMP109978.30,
1095,23:11:08,650,C,S,N,686.5,25.8,8.92,23:11:08,28.611,77.03845,686.5,9,1,SIMP109985.29,
1095,23:11:09,651,C,S,N,687.0,25.4,8.76,23:11:09,28.611,77.03845,687.0,9,1,SIMP109992.28,
1095,23:11:10,652,C,S,N,687.5,24.2,8.57,23:11:10,28.611,77.03845,687.5,9,1,SIMP109999.27,
1095,23:11:11,653,C,S,N,688.1,24.3,8.54,23:11:11,28.611,77.03845,688.1,9,1,SIMP110006.25,
1095,23:11:12,654,C,S,N,688.6,25.9,8.82,23:11:12,28.611,77.03845,688.6,9,1,SIMP110013.23,
1095,23:11:13,655,C,S,N,689.1,24.8,8.68,23:11:13,28.611,77.03845,689.1,9,1,SIMP110020.20,
1095,23:11:14,656,C,S,N,689.6,24.6,8.61,23:11:14,28.611,77.03845,689.6,9,1,SIMP110027.16,
1095,23:11:15,657,C,S,N,690.2,25.1,8.87,23:11:15,28.611,77.03845,690.2,9,1,SIMP110034.13,
1095,23:11:16,658,C,S,N,690.7,24.8,8.89,23:11:16,28.611,77.03845,690.7,9,1,SIMP110041.08,
1095,23:11:17,659,C,S,N,691.2,24.7,8.62,23:11:17,28.611,77.03845,691.2,9,1,SIMP110048.04,
1095,23:11:18,660,C,S,N,691.7,25,8.79,23:11:18,28.611,77.03845,691.7,9,1,SIMP110054.98,
1095,23:11:19,661,C,S,N,692.3,24.7,8.75,23:11:19,28.611,77.03845,692.3,9,1,SIMP110061.93,
1095,23:11:20,662,C,S,N,692.8,24.9,8.9,23:11:20,28.611,77.03845,692.8,9,1,SIMP110068.86,
1095,23:11:21,663,C,S,N,693.3,25.2,8.67,23:11:21,28.611,77.03845,693.3,9,1,SIMP110075.80,
1095,23:11:22,664,C,S,N,693.8,24.5,8.79,23:11:22,28.611,77.03845,693.8,9,1,SIMP110082.73,
1095,23:11:23,665,C,S,N,694.4,25.7,8.59,23:11:23,28.611,77.03845,694.4,9,1,SIMP110089.65,
1095,23:11:24,666,C,S,N,694.9,24.1,8.77,23:11:24,28.611,77.03845,694.9,9,1,SIMP110096.57,
1095,23:11:25,667,C,S,N,695.4,24.3,8.86,23:11:25,28.611,77.03845,695.4,9,1,SIMP110103.48,
1095,23:11:26,668,C,S,N,695.9,24.8,8.93,23:11:26,28.611,77.03845,695.9,9,1,SIMP110110.39,
1095,23:11:27,669,C,S,N,696.4,24.6,8.89,23:11:27,28.611,77.03845,696.4,9,1,SIMP110117.30,
1095,23:11:28,670,C,S,N,697.0,24.7,8.57,23:11:28,28.611,77.03845,697.0,9,1,SIMP110124.20,
1095,23:11:29,671,C,S,N,697.5,24.9,9,23:11:29,28.611,77.03845,697.5,9,1,SIMP110131.09,
1095,23:11:30,672,C,S,N,698.0,24.9,8.57,23:11:30,28.611,77.03845,698.0,9,1,SIMP110137.99,
1095,23:11:31,673,C,S,N,698.5,25.4,8.84,23:11:31,28.611,77.03845,698.5,9,1,SIMP110144.87,
1095,23:11:32,674,C,S,N,699.0,25.4,8.52,23:11:32,28.611,77.03845,699.0,9,1,SIMP110151.76,
1095,23:11:33,675,C,S,N,699.6,25,8.58,23:11:33,28.611,77.03845,699.6,9,1,SIMP110158.63,
1095,23:11:34,676,C,S,N,700.1,25.4,8.62,23:11:34,28.611,77.03845,700.1,9,1,SIMP110165.51,
1095,23:11:35,677,C,S,N,700.6,25.7,8.69,23:11:35,28.611,77.03845,700.6,9,1,SIMP110172.37,
1095,23:11:36,678,C,S,N,701.1,25.3,8.66,23:11:36,28.611,77.03845,701.1,9,1,SIMP110179.24,
1095,23:11:37,679,C,S,N,701.6,24.6,8.55,23:11:37,28.611,77.03845,701.6,9,1,SIMP110186.10,
1095,23:11:38,680,C,S,N,702.1,25.6,8.98,23:11:38,28.611,77.03845,702.1,9,1,SIMP110192.95,
1095,23:11:39,681,C,S,N,702.7,25.5,8.61,23:11:39,28.611,77.03845,702.7,9,1,SIMP110199.80,
1095,23:11:40,682,C,S,N,703.2,24.9,8.93,23:11:40,28.611,77.03845,703.2,9,1,SIMP110206.65,
1095,23:11:41,683,C,S,N,703.7,24.4,8.89,23:11:41,28.611,77.03845,703.7,9,1,SIMP110213.49,
1095,23:11:42,684,C,S,N,704.2,24.5,8.68,23:11:42,28.611,77.03845,704.2,9,1,SIMP110220.33,
1095,23:11:43,685,C,S,N,704.7,24.1,8.92,23:11:43,28.611,77.03845,704.7,9,1,SIMP110227.16,
1095,23:11:44,686,C,S,N,705.2,24.5,8.55,23:11:44,28.611,77.03845,705.2,9,1,SIMP110233.99,
1095,23:11:45,687,C,S,N,705.7,25,8.82,23:11:45,28.611,77.03845,705.7,9,1,SIMP110240.81,
1095,23:11:46,688,C,S,N,706.3,25.6,8.95,23:11:46,28.611,77.03845,706.3,9,1,SIMP110247.63,
1095,23:11:47,689,C,S,N,706.8,24.9,8.6,23:11:47,28.611,77.03845,706.8,9,1,SIMP110254.44,
1095,23:11:48,690,C,S,N,707.3,25,8.55,23:11:48,28.611,77.03845,707.3,9,1,SIMP110261.25,
1095,23:11:49,691,C,S,N,707.8,24.4,8.85,23:11:49,28.611,77.03845,707.8,9,1,SIMP110268.06,
1095,23:11:50,692,C,S,N,708.3,24.4,8.7,23:11:50,28.611,77.03845,708.3,9,1,SIMP110274.86,
1095,23:11:51,693,C,S,N,708.8,25.5,8.68,23:11:51,28.611,77.03845,708.8,9,1,SIMP110281.65,
1095,23:11:52,694,C,S,N,709.3,24.7,8.56,23:11:52,28.611,77.03845,709.3,9,1,SIMP110288.45,
1095,23:11:53,695,C,S,N,709.8,25.3,8.71,23:11:53,28.611,77.03845,709.8,9,1,SIMP110295.23,
1095,23:11:54,696,C,S,N,710.4,25.8,8.83,23:11:54,28.611,77.03845,710.4,9,1,SIMP110302.02,
1095,23:11:55,697,C,S,N,710.9,24.4,8.88,23:11:55,28.611,77.03845,710.9,9,1,SIMP110308.80,
1095,23:11:56,698,C,S,N,711.4,24.4,8.86,23:11:56,28.611,77.03845,711.4,9,1,SIMP110315.57,
1095,23:11:57,699,C,S,N,711.9,25.7,8.81,23:11:57,28.611,77.03845,711.9,9,1,SIMP110322.34,
1095,23:11:58,700,C,S,N,712.4,26,8.67,23:11:58,28.611,77.03845,712.4,9,1,SIMP110329.11,
1095,23:11:59,701,C,S,N,712.9,25.2,8.82,23:11:59,28.611,77.03845,712.9,9,1,SIMP110335.87,
1095,23:12:00,702,C,S,N,713.4,25.3,8.55,23:12:00,28.611,77.03845,713.4,9,1,SIMP110342.63,
1095,23:12:01,703,C,S,N,713.9,24.7,8.83,23:12:01,28.611,77.03845,713.9,9,1,SIMP110349.38,
1095,23:12:02,704,C,S,N,714.4,25.2,8.79,23:12:02,28.611,77.03845,714.4,9,1,SIMP110356.13,
1095,23:12:03,705,C,S,N,714.9,24.2,9,23:12:03,28.611,77.03845,714.9,9,1,SIMP110362.87,
1095,23:12:04,706,C,S,N,715.4,25.7,8.88,23:12:04,28.611,77.03845,715.4,9,1,SIMP110369.61,
1095,23:12:05,707,C,S,N,715.9,25.5,8.88,23:12:05,28.611,77.03845,715.9,9,1,SIMP110376.35,
1095,23:12:06,708,C,S,N,716.4,25.9,8.64,23:12:06,28.611,77.03845,716.4,9,1,SIMP110383.08,
1095,23:12:07,709,C,S,N,717.0,24.7,8.98,23:12:07,28.611,77.03845,717.0,9,1,SIMP110389.81,
1095,23:12:08,710,C,S,N,717.5,25.3,8.66,23:12:08,28.611,77.03845,717.5,9,1,SIMP110396.53,
1095,23:12:09,711,C,S,N,718.0,24.3,8.75,23:12:09,28.611,77.03845,718.0,9,1,SIMP110403.25,
1095,23:12:10,712,C,S,N,718.5,25.3,8.74,23:12:10,28.611,77.03845,718.5,9,1,SIMP110409.96,
1095,23:12:11,713,C,S,N,719.0,25.9,8.84,23:12:11,28.611,77.03845,719.0,9,1,SIMP110416.67,
1095,23:12:12,714,C,S,N,719.5,24.2,8.75,23:12:12,28.611,77.03845,719.5,9,1,SIMP110423.38,
1095,23:12:13,715,C,S,N,720.0,24.7,8.99,23:12:13,28.611,77.03845,720.0,9,1,SIMP110430.08,
1095,23:12:14,716,C,S,N,720.5,25.2,8.74,23:12:14,28.611,77.03845,720.5,9,1,SIMP110436.78,
1095,23:12:15,717,C,S,N,721.0,24.9,8.71,23:12:15,28.611,77.03845,721.0,9,1,SIMP110443.47,
1095,23:12:16,718,C,S,N,721.5,26,8.9,23:12:16,28.611,77.03845,721.5,9,1,SIMP110450.16,
1095,23:12:17,719,C,S,N,722.0,26,8.56,23:12:17,28.611,77.03845,722.0,9,1,SIMP110456.85,
1095,23:12:18,720,C,S,N,722.5,24.1,8.62,23:12:18,28.611,77.03845,722.5,9,1,SIMP110463.53,
1095,23:12:19,721,C,S,N,723.0,25.6,8.92,23:12:19,28.611,77.03845,723.0,9,1,SIMP110470.21,
1095,23:12:20,722,C,S,N,723.5,25.4,8.97,23:12:20,28.611,77.03845,723.5,9,1,SIMP110476.88,
1095,23:12:21,723,C,S,N,724.0,25.3,8.62,23:12:21,28.611,77.03845,724.0,9,1,SIMP110483.55,
1095,23:12:22,724,C,S,N,724.5,25.4,8.8,23:12:22,28.611,77.03845,724.5,9,1,SIMP110490.21,
1095,23:12:23,725,C,S,N,725.0,25.5,8.52,23:12:23,28.611,77.03845,725.0,9,2,SIMP110496.87,
1095,23:12:24,726,C,S,N,710.0,25,8.68,23:12:24,28.611,77.03845,710.0,9,3,SIMP110297.34,
1095,23:12:25,727,C,S,N,695.0,24.3,8.91,23:12:25,28.611,77.03845,695.0,9,3,SIMP110098.24,
1095,23:12:26,728,C,S,N,680.0,25,8.75,23:12:26,28.611,77.03845,680.0,9,3,SIMP109899.56,
1095,23:12:27,729,C,S,N,665.0,26,8.94,23:12:27,28.611,77.03845,665.0,9,3,SIMP109701.32,
1095,23:12:28,730,C,S,N,650.0,24.7,8.9,23:12:28,28.611,77.03845,650.0,9,3,SIMP109503.49,
1095,23:12:29,731,C,S,N,635.0,25.9,8.54,23:12:29,28.611,77.03845,635.0,9,3,SIMP109306.09,
1095,23:12:30,732,C,S,N,620.0,24.2,8.83,23:12:30,28.611,77.03845,620.0,9,3,SIMP109109.12,
1095,23:12:31,733,C,S,N,605.0,24.1,8.92,23:12:31,28.611,77.03845,605.0,9,3,SIMP108912.57,
1095,23:12:32,734,C,S,N,590.0,24.6,8.54,23:12:32,28.611,77.03845,590.0,9,3,SIMP108716.44,
1095,23:12:33,735,C,S,N,575.0,24.9,8.95,23:12:33,28.611,77.03845,575.0,9,3,SIMP108520.73,
1095,23:12:34,736,C,S,N,560.0,24.7,8.51,23:12:34,28.611,77.03845,560.0,9,3,SIMP108325.43,
1095,23:12:35,737,C,S,N,545.0,26,8.62,23:12:35,28.611,77.03845,545.0,9,3,SIMP108130.56,
1095,23:12:36,738,C,S,N,530.0,25.8,8.95,23:12:36,28.611,77.03845,530.0,9,3,SIMP107936.10,
1095,23:12:37,739,C,S,N,515.0,24.1,8.55,23:12:37,28.611,77.03845,515.0,9,3,SIMP107742.06,
1095,23:12:38,740,C,S,N,500.0,24.6,8.98,23:12:38,28.611,77.03845,500.0,9,3,SIMP107548.44,
1095,23:12:39,741,C,S,N,485.0,25.6,8.96,23:12:39,28.611,77.03845,485.0,9,3,SIMP107355.23,
1095,23:12:40,742,C,S,N,470.0,24.2,8.96,23:12:40,28.611,77.03845,470.0,9,3,SIMP107162.43,
1095,23:12:41,743,C,S,N,455.0,25.8,8.5,23:12:41,28.611,77.03845,455.0,9,3,SIMP106970.04,
1095,23:12:42,744,C,S,N,440.0,24.7,8.77,23:12:42,28.611,77.03845,440.0,9,3,SIMP106778.07,
1095,23:12:43,745,C,S,N,425.0,24,8.63,23:12:43,28.611,77.03845,425.0,9,3,SIMP106586.50,
1095,23:12:44,746,C,S,N,410.0,24.5,8.83,23:12:44,28.611,77.03845,410.0,9,3,SIMP106395.35,
1095,23:12:45,747,C,S,N,395.0,24.5,8.87,23:12:45,28.611,77.03845,395.0,9,4,SIMP106204.60,
1095,23:12:46,748,C,S,N,395.0,24.7,8.54,23:12:46,28.611,77.03845,395.0,9,5,SIMP106204.60,
1095,23:12:47,749,C,S,N,390.0,24.2,9,23:12:47,28.611,77.03845,390.0,9,5,SIMP106141.11,
1095,23:12:48,750,C,S,N,385.0,24.5,8.87,23:12:48,28.611,77.03845,385.0,9,5,SIMP106077.66,
1095,23:12:49,751,C,S,N,380.0,25.3,8.54,23:12:49,28.611,77.03845,380.0,9,5,SIMP106014.26,
1095,23:12:50,752,C,S,N,375.0,25.7,8.78,23:12:50,28.611,77.03845,375.0,9,5,SIMP105950.90,
1095,23:12:51,753,C,S,N,370.0,25.8,8.74,23:12:51,28.611,77.03845,370.0,9,5,SIMP105887.59,
1095,23:12:52,754,C,S,N,365.0,24.3,8.64,23:12:52,28.611,77.03845,365.0,9,5,SIMP105824.32,
1095,23:12:53,755,C,S,N,360.0,25.5,8.95,23:12:53,28.611,77.03845,360.0,9,5,SIMP105761.10,
1095,23:12:54,756,C,S,N,355.0,24,8.9,23:12:54,28.611,77.03845,355.0,9,5,SIMP105697.92,
1095,23:12:55,757,C,S,N,350.0,24.4,8.6,23:12:55,28.611,77.03845,350.0,9,5,SIMP105634.79,
1095,23:12:56,758,C,S,N,345.0,24.7,8.5,23:12:56,28.611,77.03845,345.0,9,5,SIMP105571.71,
1095,23:12:57,759,C,S,N,340.0,24.2,8.89,23:12:57,28.611,77.03845,340.0,9,5,SIMP105508.66,
1095,23:12:58,760,C,S,N,335.0,25.5,8.71,23:12:58,28.611,77.03845,335.0,9,5,SIMP105445.67,
1095,23:12:59,761,C,S,N,330.0,24.8,8.95,23:12:59,28.611,77.03845,330.0,9,5,SIMP105382.71,
1095,23:13:00,762,C,S,N,325.0,24.1,8.92,23:13:00,28.611,77.03845,325.0,9,5,SIMP105319.81,
1095,23:13:01,763,C,S,N,320.0,24.7,8.64,23:13:01,28.611,77.03845,320.0,9,5,SIMP105256.94,
1095,23:13:02,764,C,S,N,315.0,25,8.96,23:13:02,28.611,77.03845,315.0,9,5,SIMP105194.12,
1095,23:13:03,765,C,S,N,310.0,24.7,8.55,23:13:03,28.611,77.03845,310.0,9,5,SIMP105131.35,
1095,23:13:04,766,C,S,N,305.0,25.6,8.57,23:13:04,28.611,77.03845,305.0,9,5,SIMP105068.62,
1095,23:13:05,767,C,S,R,300.0,24.1,8.56,23:13:05,28.611,77.03845,300.0,9,6,SIMP105005.94,
1095,23:13:06,768,C,S,R,295.0,25.4,8.69,23:13:06,28.611,77.03845,295.0,9,7,SIMP104943.30,
1095,23:13:07,769,C,S,R,290.0,25.6,8.78,23:13:07,28.611,77.03845,290.0,9,7,SIMP104880.70,
1095,23:13:08,770,C,S,R,285.0,24.4,8.58,23:13:08,28.611,77.03845,285.0,9,7,SIMP104818.15,
1095,23:13:09,771,C,S,R,280.0,25.7,8.57,23:13:09,28.611,77.03845,280.0,9,7,SIMP104755.64,
1095,23:13:10,772,C,S,R,275.0,24.1,8.88,23:13:10,28.611,77.03845,275.0,9,7,SIMP104693.18,
1095,23:13:11,773,C,S,R,270.0,25.5,8.86,23:13:11,28.611,77.03845,270.0,9,7,SIMP104630.76,
1095,23:13:12,774,C,S,R,265.0,24.1,8.61,23:13:12,28.611,77.03845,265.0,9,7,SIMP104568.39,
1095,23:13:13,775,C,S,R,260.0,24.8,8.88,23:13:13,28.611,77.03845,260.0,9,7,SIMP104506.06,
1095,23:13:14,776,C,S,R,255.0,24.4,8.65,23:13:14,28.611,77.03845,255.0,9,7,SIMP104443.77,
1095,23:13:15,777,C,S,R,250.0,25.8,8.86,23:13:15,28.611,77.03845,250.0,9,7,SIMP104381.53,
1095,23:13:16,778,C,S,R,245.0,24.5,8.52,23:13:16,28.611,77.03845,245.0,9,7,SIMP104319.33,
1095,23:13:17,779,C,S,R,240.0,25.4,8.57,23:13:17,28.611,77.03845,240.0,9,7,SIMP104257.18,
1095,23:13:18,780,C,S,R,235.0,25.6,8.98,23:13:18,28.611,77.03845,235.0,9,7,SIMP104195.07,
1095,23:13:19,781,C,S,R,230.0,24.4,8.97,23:13:19,28.611,77.03845,230.0,9,7,SIMP104133.01,
1095,23:13:20,782,C,S,R,225.0,24.1,8.55,23:13:20,28.611,77.03845,225.0,9,7,SIMP104070.98,
1095,23:13:21,783,C,S,R,220.0,24.4,8.64,23:13:21,28.611,77.03845,220.0,9,7,SIMP104009.01,
1095,23:13:22,784,C,S,R,215.0,25.9,8.67,23:13:22,28.611,77.03845,215.0,9,7,SIMP103947.07,
1095,23:13:23,785,C,S,R,210.0,25,8.84,23:13:23,28.611,77.03845,210.0,9,7,SIMP103885.19,
1095,23:13:24,786,C,S,R,205.0,25.7,8.59,23:13:24,28.611,77.03845,205.0,9,7,SIMP103823.34,
1095,23:13:25,787,C,S,R,200.0,24.2,8.83,23:13:25,28.611,77.03845,200.0,9,7,SIMP103761.54,
1095,23:13:26,788,C,S,R,195.0,25.5,8.5,23:13:26,28.611,77.03845,195.0,9,7,SIMP103699.78,
1095,23:13:27,789,C,S,R,190.0,24.5,8.96,23:13:27,28.611,77.03845,190.0,9,7,SIMP103638.07,
1095,23:13:28,790,C,S,R,185.0,25.7,8.58,23:13:28,28.611,77.03845,185.0,9,7,SIMP103576.40,
1095,23:13:29,791,C,S,R,180.0,24.5,8.97,23:13:29,28.611,77.03845,180.0,9,7,SIMP103514.77,
1095,23:13:30,792,C,S,R,175.0,24.1,8.84,23:13:30,28.611,77.03845,175.0,9,7,SIMP103453.19,
1095,23:13:31,793,C,S,R,170.0,24,8.72,23:13:31,28.611,77.03845,170.0,9,7,SIMP103391.65,
1095,23:13:32,794,C,S,R,165.0,24.9,8.71,23:13:32,28.611,77.03845,165.0,9,7,SIMP103330.15,
1095,23:13:33,795,C,S,R,160.0,25.7,8.55,23:13:33,28.611,77.03845,160.0,9,7,SIMP103268.70,
1095,23:13:34,796,C,S,R,155.0,24.7,8.89,23:13:34,28.611,77.03845,155.0,9,7,SIMP103207.29,
1095,23:13:35,797,C,S,R,150.0,24.8,8.92,23:13:35,28.611,77.03845,150.0,9,7,SIMP103145.93,
1095,23:13:36,798,C,S,R,145.0,25.6,8.63,23:13:36,28.611,77.03845,145.0,9,7,SIMP103084.60,
1095,23:13:37,799,C,S,R,140.0,24.1,8.92,23:13:37,28.611,77.03845,140.0,9,7,SIMP103023.32,
1095,23:13:38,800,C,S,R,135.0,24.1,8.76,23:13:38,28.611,77.03845,135.0,9,7,SIMP102962.09,
1095,23:13:39,801,C,S,R,130.0,26,8.65,23:13:39,28.611,77.03845,130.0,9,7,SIMP102900.90,
1095,23:13:40,802,C,S,R,125.0,24.9,8.75,23:13:40,28.611,77.03845,125.0,9,7,SIMP102839.75,
1095,23:13:41,803,C,S,R,120.0,25.3,8.53,23:13:41,28.611,77.03845,120.0,9,7,SIMP102778.64,
1095,23:13:42,804,C,S,R,115.0,24.9,8.59,23:13:42,28.611,77.03845,115.0,9,7,SIMP102717.58,
1095,23:13:43,805,C,S,R,110.0,24.3,8.9,23:13:43,28.611,77.03845,110.0,9,7,SIMP102656.56,
1095,23:13:44,806,C,S,R,105.0,25.9,8.92,23:13:44,28.611,77.03845,105.0,9,7,SIMP102595.59,
1095,23:13:45,807,C,S,R,100.0,24.7,8.59,23:13:45,28.611,77.03845,100.0,9,7,SIMP102534.65,
1095,23:13:46,808,C,S,R,95.0,25.8,8.69,23:13:46,28.611,77.03845,95.0,9,7,SIMP102473.77,
1095,23:13:47,809,C,S,R,90.0,24.5,8.51,23:13:47,28.611,77.03845,90.0,9,7,SIMP102412.92,
1095,23:13:48,810,C,S,R,85.0,24.6,8.96,23:13:48,28.611,77.03845,85.0,9,7,SIMP102352.12,
1095,23:13:49,811,C,S,R,80.0,25.8,8.58,23:13:49,28.611,77.03845,80.0,9,7,SIMP102291.35,
1095,23:13:50,812,C,S,R,75.0,25.5,8.78,23:13:50,28.611,77.03845,75.0,9,7,SIMP102230.64,
1095,23:13:51,813,C,S,R,70.0,25.2,8.9,23:13:51,28.611,77.03845,70.0,9,7,SIMP102169.96,
1095,23:13:52,814,C,S,R,65.0,25.8,8.65,23:13:52,28.611,77.03845,65.0,9,7,SIMP102109.33,
1095,23:13:53,815,C,S,R,60.0,24.1,8.85,23:13:53,28.611,77.03845,60.0,9,7,SIMP102048.74,
1095,23:13:54,816,C,S,R,55.0,24.6,8.75,23:13:54,28.611,77.03845,55.0,9,7,SIMP101988.20,
1095,23:13:55,817,C,S,R,50.0,24.5,8.6,23:13:55,28.611,77.03845,50.0,9,7,SIMP101927.69,
1095,23:13:56,818,C,S,R,45.0,26,8.87,23:13:56,28.611,77.03845,45.0,9,7,SIMP101867.23,
1095,23:13:57,819,C,S,R,40.0,26,8.73,23:13:57,28.611,77.03845,40.0,9,7,SIMP101806.81,
1095,23:13:58,820,C,S,R,35.0,24,8.91,23:13:58,28.611,77.03845,35.0,9,7,SIMP101746.44,
1095,23:13:59,821,C,S,R,30.0,24.2,8.92,23:13:59,28.611,77.03845,30.0,9,7,SIMP101686.10,
1095,23:14:00,822,C,S,R,25.0,24,8.66,23:14:00,28.611,77.03845,25.0,9,7,SIMP101625.81,
1095,23:14:01,823,C,S,R,20.0,24.3,8.57,23:14:01,28.611,77.03845,20.0,9,7,SIMP101565.57,
1095,23:14:02,824,C,S,R,15.0,25.4,8.52,23:14:02,28.611,77.03845,15.0,9,7,SIMP101505.36,
1095,23:14:03,825,C,S,R,10.0,24.7,8.71,23:14:03,28.611,77.03845,10.0,9,7,SIMP101445.20,
1095,23:14:04,826,C,S,R,5.0,26,8.93,23:14:04,28.611,77.03845,5.0,9,8,SIMP101385.08,
1095,23:14:05,827,C,S,R,0.0,24.5,8.73,23:14:05,28.611,77.03845,0.0,9,8,SIMP101325.00,
